name,category,website,phone,address,mapsUrl,rating,reviews,priority,email,notes,websiteScore
"FRANK Legal & Tax","law firm","http://franklegaltax.com/","+66 2 026 3284","2, 10th Floor, Sindhorn Building, 130, 132 Witthayu Rd, Lumphini, Pathum Wan, Bangkok 10330, Thailand","https://serpapi.com/search.json?engine=google_maps&google_domain=google.com&hl=en&place_id=ChIJdX-ISNye4jARkKkgpHbO4FY","4.4","42","NORMAL","","","8"
"Anglo-Thai Legal (ATL)","law firm","http://www.anglothailegal.com/","+66 2 714 2968","133 Ban Kluai Nuea Alley, Klongton Nua, Watthana, Bangkok 10110, Thailand","https://serpapi.com/search.json?engine=google_maps&google_domain=google.com&hl=en&place_id=ChIJ-ysQIFCe4jARpkK70QSKfYM","4.4","28","NORMAL","","","7"
"Mahanakorn Partners Group","law firm","http://mahanakornpartners.com/","+66 2 651 5107","Kian Gwan House III, 9th Floor, Lumpini, 152 Witthayu Rd, Lumphini, Pathum Wan, Bangkok 10330, Thailand","https://serpapi.com/search.json?engine=google_maps&google_domain=google.com&hl=en&place_id=ChIJxXTVo9ie4jARr781KP6jpOY","4.9","67","NORMAL","","","8"
"Chaninat & Leeds","law firm","http://www.chaninatandleeds.com/","+66 2 168 7001","Trendy office, 10/154 18th floor, Soi Sukhumvit 13, Khlong Toei Nuea, Watthana, Bangkok 10110, Thailand","https://serpapi.com/search.json?engine=google_maps&google_domain=google.com&hl=en&place_id=ChIJPzcn2OWe4jARyhHeQr5RWO0","4.8","73","NORMAL","","","8"
"Max Law Firm - One Bangkok","law firm","https://maxlawfirm.co.th/","+66 2 255 5515","Entrance 3, One Bangkok, Tower 4, 195 Witthayu Rd, Lumphini, Pathum Wan, Bangkok 10330, Thailand","https://serpapi.com/search.json?engine=google_maps&google_domain=google.com&hl=en&place_id=ChIJ1xEDXguf4jAR_uXRLrl6Xqg","5","1","HIGH","","",""
"Themis Partner Thailand","law firm","https://thailand.themispartner.com/","","P23 Building, 11/2 Soi Sukhumvit 23, Khlong Toei Nuea, Watthana, Bangkok 10110, Thailand","https://serpapi.com/search.json?engine=google_maps&google_domain=google.com&hl=en&place_id=ChIJz75i7Caf4jARqyfEPpD5JHE","4.9","65","NORMAL","","","9"
"Siam Attorney","law firm","https://www.siam-attorney.com/","+66 2 182 9770","399 Interchange 21 Building, 33 Floor Room no. 3322, Khlong Toei Nuea, Watthana, Bangkok 10110, Thailand","https://serpapi.com/search.json?engine=google_maps&google_domain=google.com&hl=en&place_id=ChIJ2dhpzeKe4jARG5tdp5Vhv80","5","47","NORMAL","","","10"
"Juslaws & Consult","law firm","https://www.juslaws.com/","+66 94 218 4278","140 One Pacific Place, Suite 1905-1907, 19th Floor, Sukhumvit Rd, Klongtoey, Bangkok 10110, Thailand","https://serpapi.com/search.json?engine=google_maps&google_domain=google.com&hl=en&place_id=ChIJGyDQZCue4jARAvKE2rwPoI8","4.2","123","NORMAL","","","9"
"Siam Legal International (Bangkok Office)","law firm","https://www.siam-legal.com/","+66 2 254 8900","18th Floor, Unit 1806 Two Pacific Place, 142 Sukhumvit Rd, Khlong Toei, Bangkok 10110, Thailand","https://serpapi.com/search.json?engine=google_maps&google_domain=google.com&hl=en&place_id=ChIJfy8kH-Oe4jARIYMbuDlhne4","4.8","1697","NORMAL","","","10"
"Bangkok Business Lawyer","law firm","https://www.bangkokbusinesslawyer.com/","+66 93 474 9156","ชั้น 1, Nasa Street Mall, ยูนิต L1-A03, 99 Ramkhamhaeng Rd, Suan Luang, Bangkok 10250, Thailand","https://serpapi.com/search.json?engine=google_maps&google_domain=google.com&hl=en&place_id=ChIJNTH4cz6f4jAR1Cl_Hn-GTBc","5","1","NORMAL","","","10"
"Chandler Mori Hamada Limited","law firm","https://chandler.morihamada.com/","+66 2 009 5000","Thailand, 31st and 36th Floors⁠, Sathorn Square Office Tower⁠, 98 North Sathorn Road⁠, Silom⁠, Bangrak⁠, Bangkok 10500⁠","https://serpapi.com/search.json?engine=google_maps&google_domain=google.com&hl=en&place_id=ChIJT38zfiWf4jARqviTc33Ml0w","4.2","27","NORMAL","","","10"
"Benoit and Partners","law firm","http://benoit-partners.com/","+66 94 235 9302","PGJG+2XX Surawongse Rd Khwaeng Suriyawongse Bang Rak. 56 Bisco Tower, 16th Floor, Unit 21, Bangkok 10500, Thailand","https://serpapi.com/search.json?engine=google_maps&google_domain=google.com&hl=en&place_id=ChIJ46CUhL6f4jAR0LXdiy2jyAI","4.9","110","NORMAL","","","8"
"GPS Legal","law firm","http://www.gps-legal.com/","+66 84 346 5178","Quant Building, 6/F 2 Soi Sukhumvit 25 Klongtoey, Neua, Watthana, Bangkok 10110, Thailand","https://serpapi.com/search.json?engine=google_maps&google_domain=google.com&hl=en&place_id=ChIJ03doIuee4jAR1bJXo640tRI","4.5","11","NORMAL","","","7"
"Ananda Intellectual Property Limited - Thailand","law firm","http://www.ananda-ip.com/","+66 2 235 9539","Bubhajit Building, 16th Floor, Unit A1. 20 North, S Sathon Rd, Si Lom, Bang Rak, Bangkok 10500, Thailand","https://serpapi.com/search.json?engine=google_maps&google_domain=google.com&hl=en&place_id=ChIJET6Natqe4jARRRlByN2X1Oo","4.8","19","NORMAL","","","7"
"House & Condo Lawyer","law firm","https://www.facebook.com/housecondolawyer","+66 80 315 5686","นาซ่าสตรีท มอลล์ ( แอร์พอร์ตลิงค์ สถานี, ยูนิต L2-A9 อาคารA (ชั้น2, Ramkhamhaeng Rd, Suan Luang, Bangkok 10250, Thailand","https://serpapi.com/search.json?engine=google_maps&google_domain=google.com&hl=en&place_id=ChIJTzc_NGyf4jARjDvBfr4vtkE","4.7","29","NORMAL","","","10"
"Umpire Legal - Certified Legal Services Provider in Bangkok, Thailand","law firm","https://www.umpirelegal.com/","+66 2 254 1609","246 Times Square Building Unit 11-01, 11th Floor, Khlongtoey, Bangkok 10110, Thailand","https://serpapi.com/search.json?engine=google_maps&google_domain=google.com&hl=en&place_id=ChIJBbLi6OOe4jAR6ZuU2Hbaf3c","4.8","55","NORMAL","","","9"
"Blumenthal Richter & Sumet","law firm","http://brslawyers.com/","+66 2 022 1000","Tower 4, One Bangkok, Lumphini, Pathum Wan, Bangkok 10330, Thailand","https://serpapi.com/search.json?engine=google_maps&google_domain=google.com&hl=en&place_id=ChIJqQINqiuf4jARyk5LdI1aIcc","5","5","NORMAL","","","7"
"Lex Bangkok Law Firm","law firm","https://lexbangkok.com/","+66 62 161 4646","1521 Sukhumvit Rd, Phra Khanong Nuea, Watthana, Bangkok 10110, Thailand","https://serpapi.com/search.json?engine=google_maps&google_domain=google.com&hl=en&place_id=ChIJoZYJ2xlj0YsREYYM-6n6rXc","5","12","NORMAL","","","10"
"Lafs Legal Co., Ltd.","law firm","http://www.lafs-legal.com/","+66 2 104 9191","388 Exchange Tower, 29th Floor Unit Number 2901, 2904 Sukhumvit Rd, Klongtoey, Khlong Toei, Bangkok 10110, Thailand","https://serpapi.com/search.json?engine=google_maps&google_domain=google.com&hl=en&place_id=ChIJ_dYfTHmf4jARnQ3kiS7KRjo","5","14","NORMAL","","","6"
"PriceSanond","law firm","https://www.pricesanond.com/","+66 2 679 1844","29th Floor, Suite 2901, Q.House Lumpini, 1 S Sathon Rd, Thung Maha Mek, Sathon, Bangkok 10120, Thailand","https://serpapi.com/search.json?engine=google_maps&google_domain=google.com&hl=en&place_id=ChIJC014ZSWf4jARIka7098FSKE","4.9","9","NORMAL","","","9"
"Thipsamai Padthai Pratoopee","restaurant","https://thipsamai.com/","+66 2 226 6666","313, 315 Maha Chai Rd, Samran Rat, Phra Nakhon, Bangkok 10200, Thailand","https://serpapi.com/search.json?engine=google_maps&google_domain=google.com&hl=en&place_id=ChIJxU5YeBaZ4jARvm8EVZYGjGk","4.2","12296","NORMAL","","","10"
"Cappadocia Turkish Restaurant Bangkok","restaurant","https://www.cappadociarestaurantsthailand.com/bangkok","+66 81 552 7489","33, 7 Sukhumvit 11 Aly, Khlong Toei, Watthana, Bangkok 10110, Thailand","https://serpapi.com/search.json?engine=google_maps&google_domain=google.com&hl=en&place_id=ChIJ3zV6PzOf4jARGBvpSUSkQlg","4.9","3007","NORMAL","","","9"
"May Kaidee Tanao Vegetarian & Vegan Restaurant","restaurant","https://www.maykaidee.com/restaurants/bangkok","+66 99 105 6446","54/1 Soi Samsen 5, Wat Sam Phraya, Phra Nakhon, Bangkok 10200, Thailand","https://serpapi.com/search.json?engine=google_maps&google_domain=google.com&hl=en&place_id=ChIJOS10P9eZ4jARnyOMJWAYx0M","4.8","748","NORMAL","","","10"
"CHOLAS AUTHENTIC INDIAN RESTURANT","restaurant","http://www.cholasthailand.com/","+66 61 395 1269","629 Phetchaburi 31 Alley, Khwaeng Makkasan, Ratchathewi, Bangkok 10400, Thailand","https://serpapi.com/search.json?engine=google_maps&google_domain=google.com&hl=en&place_id=ChIJ1WAuo9-f4jAR02XwOBBNXDA","4.9","8184","HIGH","","",""
"The Family","restaurant","http://www.facebook.com/thefamilybkk","+66 88 673 2111","1, 6 Prachathipatai Rd, Khwaeng Ban Phan Thom, Khet Phra Nakhon, Bangkok 10200, Thailand","https://serpapi.com/search.json?engine=google_maps&google_domain=google.com&hl=en&place_id=ChIJhW6hs4uZ4jARwfIKUtEHyRw","4.8","2637","NORMAL","","","8"
"Blue Elephant Bangkok Sathorn Cooking School & Restaurant","restaurant","https://www.blueelephant.com/bangkok","+66 2 673 9353","BTS Surasak station, 41 S Sathon Rd, Yan Nawa, Sathon, Bangkok 10120, Thailand","https://serpapi.com/search.json?engine=google_maps&google_domain=google.com&hl=en&place_id=ChIJS7aN2c6Y4jARp2YilGc2Lg0","4.5","3067","NORMAL","","","10"
"Ms.Jigger","restaurant","https://bit.ly/GGMsJigger","+66 2 056 9999","Kimpton Maa-Lai Bangkok, 78 Soi Ton Son, Lumphini, Pathum Wan, Bangkok 10330, Thailand","https://serpapi.com/search.json?engine=google_maps&google_domain=google.com&hl=en&place_id=ChIJVaRrytaf4jARCjRe5akUUwg","4.8","714","NORMAL","","","10"
"Bangkok Garden Rockville","restaurant","http://www.bkgrockville.com/","(301) 545-2848","891 Rockville Pike, Rockville, MD 20852","https://serpapi.com/search.json?engine=google_maps&google_domain=google.com&hl=en&place_id=ChIJ6223caTNt4kRmLBuRgrFVrE","4.5","339","NORMAL","","","8"
"Bangkok is My Hometown","restaurant","https://www.bangkokismyhometown.com/","(571) 664-8484","25387 Pleasant Valley Rd Suite 110, Chantilly, VA 20152","https://serpapi.com/search.json?engine=google_maps&google_domain=google.com&hl=en&place_id=ChIJs4ABOoZBtokRMw-pxfAXLI8","4.7","15","NORMAL","","","9"
"KHAAN Thai Fine Dining Restaurant","restaurant","https://www.khaanbkk.com/","+66 92 441 6547","14, 3 Soi Somkid, Lumphini, Pathum Wan, Bangkok 10330, Thailand","https://serpapi.com/search.json?engine=google_maps&google_domain=google.com&hl=en&place_id=ChIJm68HaIqf4jARhHLocwFgtyg","4.7","651","NORMAL","","","10"
"Myth I Bangkok Street food | Best mango sticky rice","restaurant","","+66 62 397 9951","84 Chakrabongse Rd, Talat Yot, Phra Nakhon, Krung Thep Maha Nakhon 10200, Thailand","https://serpapi.com/search.json?engine=google_maps&google_domain=google.com&hl=en&place_id=ChIJrfglXG2Z4jAREUZy5E5nh9E","4.7","2600","HIGH","","",""
"ร้านขจร | Kajohn Authentic Southern Thai Cuisine","restaurant","https://www.instagram.com/kajohnrestaurant/","+66 82 553 9541","245, 4 Chakkraphatdi Phong Rd, Khlong Maha Nak, Pom Prap Sattru Phai, Krung Thep Maha Nakhon 10100, Thailand","https://serpapi.com/search.json?engine=google_maps&google_domain=google.com&hl=en&place_id=ChIJY3fswo-Z4jARm0mwI29TW1M","4.9","1385","NORMAL","","","9"
"Eat Me Bangkok","restaurant","","+66 62 778 6397","234 Samsen 2 Alley, Ban Phan Thom, Phra Nakhon, Bangkok 10200, Thailand","https://serpapi.com/search.json?engine=google_maps&google_domain=google.com&hl=en&place_id=ChIJTZi8SUyZ4jARzAB1byTr4zc","4.7","287","HIGH","","",""
"Bangkok Garden Pasadena","restaurant","http://bkgpasadena.com/","(410) 766-0973","8043 Ritchie Hwy F, Pasadena, MD 21122","https://serpapi.com/search.json?engine=google_maps&google_domain=google.com&hl=en&place_id=ChIJgUeTZDL9t4kRrWxCrVuEhEQ","4.7","219","NORMAL","","","8"
"Bisou Bangkok","restaurant","https://bisoubangkok.com/","+66 96 025 5858","68, Lumpini Sub-District, 9 Soi Langsuan, Lumphini, Pathum Wan, Bangkok 10330, Thailand","https://serpapi.com/search.json?engine=google_maps&google_domain=google.com&hl=en&place_id=ChIJMcFRFM2f4jAR8gUhlUdeXe0","4.9","2696","NORMAL","","","10"
"Bangkok Thai Cuisine (Virginia Beach)","restaurant","https://bangkokthaicuisineva.com/bangkokthaivb?utm_source=google","(757) 697-3050","424 Newtown Rd, Virginia Beach, VA 23462","https://serpapi.com/search.json?engine=google_maps&google_domain=google.com&hl=en&place_id=ChIJ_6jZQ16VuokR_U4w5CIMiQM","4.7","51","NORMAL","","","10"
"Indian Express","restaurant","https://indianexpressthai.com/","+66 97 297 0305","70, 55-56 Phetchaburi 31 Alley, Makkasan, Ratchathewi, Bangkok 10400, Thailand","https://serpapi.com/search.json?engine=google_maps&google_domain=google.com&hl=en&place_id=ChIJZx_rgQ2f4jARkCOc1rNDSOs","4.9","10181","NORMAL","","","error"
"Bangkok 54 Restaurant","restaurant","https://bangkok54restaurant.com/?utm_source=google","(703) 521-4070","2919 Columbia Pike, Arlington, VA 22204","https://serpapi.com/search.json?engine=google_maps&google_domain=google.com&hl=en&place_id=ChIJv8AJWrq2t4kRY1uj7ypfCoM","4.5","1149","NORMAL","","","9"
"Signature Bangkok","restaurant","http://signaturebangkok.com/","+66 65 950 9742","11th floor, Vie Hotel Bangkok MGallery Hotel Collection, 117/39-40 Phaya Thai Rd, Khwaeng Thanon Phetchaburi, Khet Ratchathewi, Bangkok 10400, Thailand","https://serpapi.com/search.json?engine=google_maps&google_domain=google.com&hl=en&place_id=ChIJRxVBdTyf4jARGLWgEHjEIq4","4.8","178","NORMAL","","","8"
"RONGROS","restaurant","https://linktr.ee/RONGROS_bkk","+66 96 946 1785","392/16 Maha Rat Rd, Phra Borom Maha Ratchawang, Phra Nakhon, Bangkok 10200, Thailand","https://serpapi.com/search.json?engine=google_maps&google_domain=google.com&hl=en&place_id=ChIJjYPUa8GZ4jARi9fgigQOiR8","4.7","4426","NORMAL","","","10"
"Bangkok International Dental Center ศูนย์ทันตกรรม BIDC","dental clinic","https://bangkokdentalcenter.com/","+66 2 692 4433","157, 159 Ratchadaphisek Rd, Khwaeng Din Daeng, Din Daeng, Bangkok 10400, Thailand","https://serpapi.com/search.json?engine=google_maps&google_domain=google.com&hl=en&place_id=ChIJYTDTNIee4jARNwdHSA64W3o","4.8","1833","NORMAL","","","10"
"Bangkok Smile MALO Clinic in Nana Bangkok, Thailand","dental clinic","https://www.bangkoksmiledental.com/","+66 2 105 4288","MedAsia Healthcare Complex, 14 Sukhumvit Rd, Khlong Toei Nuea, Subdistrict, Bangkok 10110, Thailand","https://serpapi.com/search.json?engine=google_maps&google_domain=google.com&hl=en&place_id=ChIJtSrHy-ee4jARbvIgvMAOLRA","4.8","708","NORMAL","","","10"
"BIDC Dental Clinic @ Siam Paragon","dental clinic","https://bangkokdentalcenter.com/","+66 95 210 6871","Room 232 991, 991 Phloen Chit Rd, Pathum Wan, Bangkok 10330, Thailand","https://serpapi.com/search.json?engine=google_maps&google_domain=google.com&hl=en&place_id=ChIJfQGp-c2e4jARkW-vs1bJ4Wo","4.8","344","NORMAL","","","10"
"Thantakit International Dental Center in Bangkok, Thailand","dental clinic","https://www.thantakit.com/","+66 2 718 0777","1939 New, Bangkapi, Huai Khwang, Bangkok 10310, Thailand","https://serpapi.com/search.json?engine=google_maps&google_domain=google.com&hl=en&place_id=ChIJRZmn9_ae4jARIxRj_ETGsBU","4.9","2949","NORMAL","","","10"
"Bangkok Dental Spa","dental clinic","http://www.bangkokdentalspa.com/","+66 88 919 2995","27 Methawattana, Sukhumvit 19, Bangkok 10110, Thailand","https://serpapi.com/search.json?engine=google_maps&google_domain=google.com&hl=en&place_id=ChIJt-oBMLef4jARtvw-DfkrooU","4.7","221","NORMAL","","","8"
"Truth Dental Clinic","dental clinic","http://www.truthdental.com/","+66 86 393 6231","Alma Link Building, 25 Soi Chidlom, Ploenjit street, Lumphini, Pathum Wan, Bangkok 10330, Thailand","https://serpapi.com/search.json?engine=google_maps&google_domain=google.com&hl=en&place_id=ChIJtU_5Mtue4jARtQJuv4VlNfU","4.8","477","NORMAL","","","8"
"BIDC Dental Clinic @ Emquartier","dental clinic","https://bangkokdentalcenter.com/","+66 97 295 9872","695 EmQuartier shopping center, room no. 4A11, Building A, Khlong Tan Nuea, Watthana, Bangkok 10110, Thailand","https://serpapi.com/search.json?engine=google_maps&google_domain=google.com&hl=en&place_id=ChIJI3i29AGf4jAR6wGC4tZu8mk","4.7","408","NORMAL","","","10"
"Bangkok Smile Dental Clinic Silom","dental clinic","https://www.bangkoksmiledental.com/","+66 2 105 4288","ตรงข้ามศาลาแดง เพลส, 30/8 Sala Daeng Rd, Si Lom, Bang Rak, Bangkok 10500, Thailand","https://serpapi.com/search.json?engine=google_maps&google_domain=google.com&hl=en&place_id=ChIJsyqmHSyf4jARI4PA6qbpXBM","4.8","270","NORMAL","","","10"
"My Dentist Dental Clinic","dental clinic","https://mydentistbangkok.com/","+66 81 981 5411","Trendy Building, Soi Sukhumvit 13, Khlong Toei Nuea, Watthana, Bangkok 10110, Thailand","https://serpapi.com/search.json?engine=google_maps&google_domain=google.com&hl=en&place_id=ChIJs34PHuSe4jARNDKbPj3dNN0","4.8","79","NORMAL","","","9"
"Smile and Shine Dental Clinic - คลินิกทันตกรรมสไมล์แอนด์ชายน์ ทำฟัน รากฟันเทียม","dental clinic","http://www.smileandshine.co.th/","+66 91 881 7557","1338, ศุภาลัย พริมา ริวา, 940 Rama III Rd, ช่องนนทรี, Yan Nawa, Bangkok 10120, Thailand","https://serpapi.com/search.json?engine=google_maps&google_domain=google.com&hl=en&place_id=ChIJt7NQZF-f4jARkExWHfIBj2I","5","1108","NORMAL","","","8"
"Bangkok Dental Care (ฺฺBangchak)","dental clinic","http://www.facebook.com/bangkokdentalcare","+66 94 546 3236","2389, 35-36 Sukhumvit Rd, Bang Chak, Phra Khanong, Bangkok 10260, Thailand","https://serpapi.com/search.json?engine=google_maps&google_domain=google.com&hl=en&place_id=ChIJh_jYzayf4jARJOJhuKck0H8","4.9","421","NORMAL","","","8"
"Thantakit Dental Clinic","dental clinic","https://www.thantakit.com/","+66 2 685 3444","3rd floor​ unit​ 301, 87/2 Witthayu Rd, Lumphini, Pathum Wan, Bangkok 10330, Thailand","https://serpapi.com/search.json?engine=google_maps&google_domain=google.com&hl=en&place_id=ChIJTwqBot6e4jARRmYY2udj7CI","4.9","871","NORMAL","","","10"
"Bangkok Dental Care","dental clinic","https://www.facebook.com/BangkokDentalCare","+66 64 196 5596","3rd Floor, Century the Movie Plaza 2, Sukhumvit, Phrakanong, Watthana, Bangkok 10110, Thailand","https://serpapi.com/search.json?engine=google_maps&google_domain=google.com&hl=en&place_id=ChIJK9LEy-uf4jARXWRku3HGSdk","4.7","346","NORMAL","","","10"
"Bangkok International Dental Hospital โรงพยาบาลฟัน BIDH","dental clinic","https://dentalhospitalthailand.com/","+66 95 517 1587","98 Sukhumvit 2, Khwaeng Khlong Toei, Khlong Toei, Bangkok 10110, Thailand","https://serpapi.com/search.json?engine=google_maps&google_domain=google.com&hl=en&place_id=ChIJmQ8gdKSf4jARvzz-9LEqDB0","4.3","213","NORMAL","","","10"
"Dr. Sunil Dental Clinic","dental clinic","http://www.drsunildental.com/","+66 65 824 2979","Sukhumvit 71, Soi Preedeepanomyong 14, Moobaan Pakamas (Soi 15) BTS Building No.5 Prakhanong Station (E8, 5 ถนน พัฒนาการ, Suan Luang, Bangkok 10250, Thailand","https://serpapi.com/search.json?engine=google_maps&google_domain=google.com&hl=en&place_id=ChIJ5Z7hBtKf4jARsMczB_e_f2s","4.8","893","NORMAL","","","7"
"Bangkok Smile Dental Clinic | One Bangkok Branch","dental clinic","https://www.bangkoksmiledental.com/","+66 2 105 4288","โครงการ วัน แบงค็อก ห้องเลขที่ 1424 ชั้น 4, Rama IV Rd, Lumphini, Pathum Wan, Bangkok 10330, Thailand","https://serpapi.com/search.json?engine=google_maps&google_domain=google.com&hl=en&place_id=ChIJo_oxg5TSskwRj53zEQFaGvs","4.7","100","NORMAL","","","10"
"The S Digital Dental Clinic (Invisalign and Implant Centers) คลินิกทันตกรรม ดิเอส สาทร","dental clinic","","+66 2 287 4922","459/21-23 suanplu 8 sathorn rd., tungmahamek, sathorn, Bangkok 10120, Thailand","https://serpapi.com/search.json?engine=google_maps&google_domain=google.com&hl=en&place_id=ChIJ8y1njTCf4jARJjXOo_Gf6V8","4.9","338","HIGH","","",""
"Siam Station Dental Clinic","dental clinic","http://siamstationdental.com/","+66 86 307 0109","328-329 อาคารเซ็นเตอร์พ้อย ออฟ สยามสแควร์, Rama I Rd, Pathum Wan, Bangkok 10330, Thailand","https://serpapi.com/search.json?engine=google_maps&google_domain=google.com&hl=en&place_id=ChIJvWMmcNKe4jARY4VA4XD82MQ","4.9","678","NORMAL","","","7"
"Sukhumvit Skytrain Dental Clinic","dental clinic","http://www.sukhumvitskytraindental.com/","+66 86 316 6009","3079/14-15 Sukhumvit Rd, Bang Chak, Phra Khanong, Bangkok 10250, Thailand","https://serpapi.com/search.json?engine=google_maps&google_domain=google.com&hl=en&place_id=ChIJ1TiEhQKg4jARfhROfToXPkQ","5","1183","NORMAL","","","7"
"คลองเตยทันตแพทย์ KTDC since1964","dental clinic","https://www.facebook.com/KTDC1964?mibextid=9R9pX","","2615 Rama IV Rd, Klongtan Khlong Toei, Bangkok 10110, Thailand","https://serpapi.com/search.json?engine=google_maps&google_domain=google.com&hl=en&place_id=ChIJ8TNFShCf4jAR2nTvgjtVdSs","4.9","492","NORMAL","","","10"
"Zahara Hair Salon Bangkok","hair salon","http://www.zaharasalonbangkok.com/","+66 61 845 2133","888 Phloen Chit Rd, Lumphini, Pathum Wan, Bangkok 10330, Thailand","https://serpapi.com/search.json?engine=google_maps&google_domain=google.com&hl=en&place_id=ChIJmSohneae4jARZsCJq_RYf5g","4.7","2185","NORMAL","","","8"
"Niche Salon Bangkok","hair salon","https://www.nichesalonbangkok.com/","+66 2 654 3993","3d floor Unit China Resources Tower, 87/2, 328 Witthayu Rd, Lumphini, Pathum Wan, Bangkok 10330, Thailand","https://serpapi.com/search.json?engine=google_maps&google_domain=google.com&hl=en&place_id=ChIJJYdwot6e4jARwsyWST6ne5s","4.5","285","NORMAL","","","9"
"Newyork Newyork Hairstudio Bangkok","hair salon","http://newyorknewyorkstudio.com/","+66 61 271 1333","23, 1 Soi King Chamnan Aksorn, Phayathai Phaya Thai, Bangkok 10400, Thailand","https://serpapi.com/search.json?engine=google_maps&google_domain=google.com&hl=en&place_id=ChIJR8B9U8md4jARs8yHFojNn64","4.9","276","NORMAL","","","7"
"46 Studio Hair Salon in Bangkok","hair salon","http://46studio.net/?utm_source=gmb&utm_medium=referral","+66 99 906 9746","House number 3, Sukhumvit 46 Alley, Phra Khanong, Khlong Toei, Bangkok 10110, Thailand","https://serpapi.com/search.json?engine=google_maps&google_domain=google.com&hl=en&place_id=ChIJL6EFhdSf4jARJvBYZNMqhrs","4.8","355","NORMAL","","","7"
"AKI ENDO","hair salon","https://aki-endo.com/","+66 2 004 8180","5, metropolis suite by Hilton, 9 Soi Phrom Si 1, Khlong Tan Nuea, Watthana, Bangkok 10110, Thailand","https://serpapi.com/search.json?engine=google_maps&google_domain=google.com&hl=en&place_id=ChIJTwLLmWOf4jARiUi0JIxgzks","4.8","371","NORMAL","","","10"
"Savanna Hair & Nail Salon Bangkok","hair salon","https://www.facebook.com/savannasalonbangkok/services","+66 94 548 8826","Mahatun Plaza, 888/18 Ploenchit Road, Lumphini, Patumwan, Bangkok 10330, Thailand","https://serpapi.com/search.json?engine=google_maps&google_domain=google.com&hl=en&place_id=ChIJJQ5UVdye4jAR27CPxAv6wcM","4.5","240","NORMAL","","","9"
"Chic Studio","hair salon","https://openlink.co/chicclubhair","+66 2 252 2500","ชั้น 2, อาคารสยามสแควร์วัน, ห้องเลขที่ SS2024, เลขที่ 388 Rama I Rd, ปทุมวัน, Pathum Wan, Bangkok 10330, Thailand","https://serpapi.com/search.json?engine=google_maps&google_domain=google.com&hl=en&place_id=ChIJlbaADluZ4jARIvF6_jVDX1U","4.8","1883","NORMAL","","","10"
"Intercoiffeur Hair Salon ห้างนานาสแควร์ ชั้น2","hair salon","https://www.facebook.com/intercoiffeur/","+66 61 979 4774","49/2-12. 2nd floor Nana square, Soi Sukhumvit 3, Khwaeng Khlong Toei Nuea, Khlong Toei, Bangkok 10110, Thailand","https://serpapi.com/search.json?engine=google_maps&google_domain=google.com&hl=en&place_id=ChIJXdCfhuee4jARfE7Sg3O1hGY","4.9","437","NORMAL","","","10"
"Senpom Hair Salon Bangkok","hair salon","https://senpomsalonbangkok.com/","+66 87 337 7051","29/8 Chom Thong Rd, Chom Thong, Bangkok 10150, Thailand","https://serpapi.com/search.json?engine=google_maps&google_domain=google.com&hl=en&place_id=ChIJZ5N2r3CY4jARMauCEMq_og4","4.6","255","NORMAL","","","10"
"Micha&Justin Hair Salon","hair salon","http://www.michaandjustin.com/","+66 95 817 8685","H Sukhumvit, 99/290, 43 Soi Sukhumvit 43, KlongTon-Nua, Watthana, Bangkok 10110, Thailand","https://serpapi.com/search.json?engine=google_maps&google_domain=google.com&hl=en&place_id=ChIJKxXxjrKf4jARd68Mw333RQ0","4.8","483","NORMAL","","","7"
"Green Pastures by Hajin hair salon","hair salon","http://www.facebook.com/greenpasturesbyhajin","+66 2 258 0755","20, 95 1 Sukhumvit 49, Khlong Tan Nuea, Watthana, Bangkok 10110, Thailand","https://serpapi.com/search.json?engine=google_maps&google_domain=google.com&hl=en&place_id=ChIJJQGKuqqf4jAR8JJDZNFNp70","4.7","351","NORMAL","","","8"
"Bond Beauty Bangkok salon","hair salon","http://bondbeautybangkok.com/","+66 95 463 6947","44/5 ซอย อโศก, มนตรี, Khlong Toei Nuea, Watthana, Bangkok 10110, Thailand","https://serpapi.com/search.json?engine=google_maps&google_domain=google.com&hl=en&place_id=ChIJFSZe5Laf4jARkKHtqkkGsJw","4.7","232","NORMAL","","","7"
"INSTYLE SALON","hair salon","https://www.tiktok.com/@instylesalon.bkk?_t=8YWQHro5r6X&_r=1","+66 87 919 5168","MBK Center, MBK CENT ERT 2fl ,4Fl, 444 Phaya Thai Rd, Wang Mai, Pathum Wan, Bangkok 10330, Thailand","https://serpapi.com/search.json?engine=google_maps&google_domain=google.com&hl=en&place_id=ChIJqXn1dsaf4jARQ7OCZ4aTPow","4.9","2231","HIGH","","",""
"Clover Hair Salon","hair salon","https://www.instagram.com/cloverhair2?igsh=d21jOXRyZGQ4Y2Nk&utm_source=qr","+66 81 445 6531","27 Sukhumvit 33 Alley, Khlong Toei Nuea, Watthana, Bangkok 10110, Thailand","https://serpapi.com/search.json?engine=google_maps&google_domain=google.com&hl=en&place_id=ChIJB2Hp7X1iHTERkc-3uaIZ3nc","4.8","128","NORMAL","","","9"
"106 HAIR STUDIO","hair salon","https://106.co.th/","+66 2 662 7106","2F 20/82 Soi Prommitr Sukhumvit 39 Klongtan Nua, Nua, Watthana, Bangkok 10110, Thailand","https://serpapi.com/search.json?engine=google_maps&google_domain=google.com&hl=en&place_id=ChIJJacJrqqf4jARveWPpbFCwxM","4.6","355","NORMAL","","","8"
"Million Salon Ekkamai","hair salon","https://www.millionsalon.com/","+66 84 165 6464","982/22 Gateway Ekamai Building, 1st Floor, Room 1118, Sukhumvit Rd, Phra Khanong, Bangkok 10110, Thailand","https://serpapi.com/search.json?engine=google_maps&google_domain=google.com&hl=en&place_id=ChIJtUbqlaWf4jARMHwJ7Gc4z08","4.8","773","NORMAL","","","9"
"BoyRikyu บอยริคิว","hair salon","http://www.boyrikyu.com/","+66 2 115 5778","10, 12 Soi Sukhumvit 32, Khlong Tan, Khlong Toei, Bangkok 10110, Thailand","https://serpapi.com/search.json?engine=google_maps&google_domain=google.com&hl=en&place_id=ChIJDTwLyKqf4jARbWTHyK438RY","4.7","397","NORMAL","","","7"
"Posh Salon (Hair Salon) Sukhumvit31","hair salon","http://www.facebook.com/poshsalonbangkok","+66 85 551 1161","3, 2 Sukhumvit 31, Khlong Toei Nuea, Watthana, Bangkok 10110, Thailand","https://serpapi.com/search.json?engine=google_maps&google_domain=google.com&hl=en&place_id=ChIJRzq2UIKf4jARkQZHHqmomJ4","4.8","266","NORMAL","","","8"
"SJ Best Salon","hair salon","","+66 61 424 2249","51 Charoen Krung 50 Alley, Bang Rak, Bangkok 10500, Thailand","https://serpapi.com/search.json?engine=google_maps&google_domain=google.com&hl=en&place_id=ChIJ9ePXPsSY4jARHW7RaBGdfP4","4.9","218","HIGH","","",""
"The ambassador Hair Salon Bangkok แอมเบอ บูเต แฮร์ ซาลอน صالون حلاقة غرفة خاصة للسيدات","hair salon","https://www.instagram.com/the_ambassador_hairsalon?igsh=MXJmYmhrYnR2ODNyZg==","+66 94 594 2448","Ground floor, Building mall, Times Square, Yellow shop, 246 Sukhumvit Rd, Bangkok 10110, Thailand","https://serpapi.com/search.json?engine=google_maps&google_domain=google.com&hl=en&place_id=ChIJI7HpzsCf4jARjICaiU9-OjM","4.9","170","NORMAL","","","9"
"Flash Fitness Bangkok Personal Training & Group Classes Gym Studio","gym","http://www.flashfitnessresults.com/","+66 87 711 8112","78 N Sathon Rd, Si Lom, Bang Rak, Bangkok 10500, Thailand","https://serpapi.com/search.json?engine=google_maps&google_domain=google.com&hl=en&place_id=ChIJwcq-CZif4jAR2fbjBcAJY20","4.9","138","NORMAL","","","7"
"BANGKOK TRAINING CENTER","gym","http://www.bkktraining.com/","+66 63 128 4681","QUANT Sukhumvit 25, Khlong Toei Nuea, Watthana, Bangkok 10110, Thailand","https://serpapi.com/search.json?engine=google_maps&google_domain=google.com&hl=en&place_id=ChIJPdc-8gSf4jARlIcPpg2sOno","4.7","141","NORMAL","","","6"
"Iron Fit","gym","https://www.facebook.com/ironfit.th/","+66 2 661 2904","93,95 ซอยสุขุมวิท26, Sukhumvit 26, Khlong Tan, Khlong Toei, Bangkok 10110, Thailand","https://serpapi.com/search.json?engine=google_maps&google_domain=google.com&hl=en&place_id=ChIJd0HQAO-f4jAR3JxJq8OXRWY","4.6","104","NORMAL","","","10"
"FMB【Fitness Mall Bangkok 】ピラティス / ウエイトトレーニング Pilates / Weight Training Sahai Place3A","gym","https://www.fmb-gym.com/","+66 86 367 4676","3A, Sahai Place, 49 Sukhumvit 24 Alley, Khlong Tan, Khlong Toei, Bangkok 10110, Thailand","https://serpapi.com/search.json?engine=google_maps&google_domain=google.com&hl=en&place_id=ChIJ_-WlVACf4jAR7wwWhiEYAC8","5","146","NORMAL","","","10"
"The Track Bangkok","gym","https://thetrackbangkok.com/","+66 82 139 9220","15 Sukhumvit Residence, 28 Sukhumvit 15, Khlong Toei Nuea, Watthana, Bangkok 10110, Thailand","https://serpapi.com/search.json?engine=google_maps&google_domain=google.com&hl=en&place_id=ChIJTTdf5nyf4jARd_gOTxt2408","4.4","190","NORMAL","","","9"
"Public Gym","gym","","","PFXV+QVG, Phra Borom Maha Ratchawang, Phra Nakhon, Bangkok 10200, Thailand","https://serpapi.com/search.json?engine=google_maps&google_domain=google.com&hl=en&place_id=ChIJtXOTdnGZ4jARjaTBMwvPV9k","4.8","118","HIGH","","",""
"Iron Hive Gym","gym","https://www.ironhivegymbkk.com/","+66 2 077 9487","1022 Sukhumvit Rd, Phra Khanong, Khlong Toei, Bangkok 10110, Thailand","https://serpapi.com/search.json?engine=google_maps&google_domain=google.com&hl=en&place_id=ChIJ1fZ5yeqf4jAR3MCMdo2nkAw","4.8","195","NORMAL","","","9"
"Boost Fitness Bangkok","gym","https://www.boostfitnessbkk.com/","+66 81 148 9037","36 Ramkhamhaeng Rd, Khwaeng Saphan Sung, Saphan Sung, Bangkok 10240, Thailand","https://serpapi.com/search.json?engine=google_maps&google_domain=google.com&hl=en&place_id=ChIJw-qSB9ZjHTER337OjeU0obM","4.8","282","NORMAL","","","10"
"Jetts 24 Hour Fitness Stadium One","gym","https://www.jetts.co.th/stadium-one","+66 95 849 4375","88 ชั้น 3 อาคาร Active Box (Stadium One Sport Complex) ซอยจุฬา 5, Rama VI Rd, Wang Mai, Pathum Wan, Bangkok 10330, Thailand","https://serpapi.com/search.json?engine=google_maps&google_domain=google.com&hl=en&place_id=ChIJG1tnATKZ4jARtRDPrpQ5_WI","4.1","206","NORMAL","","","10"
"Muscle Factory","gym","https://www.mfbkk.com/","+66 99 141 5195","2 ซอย สุขุมวิท 56 แยก 3-1, Phra Khanong Tai, Phra Khanong, Bangkok 10260, Thailand","https://serpapi.com/search.json?engine=google_maps&google_domain=google.com&hl=en&place_id=ChIJ2zp9be2f4jAR1dog6EexzDA","4.6","606","NORMAL","","","10"
"Arena Bangkok (HYROX & CrossFit Training Club)","gym","https://www.arenabangkok.com/","+66 64 236 9062","1643/5 Phetchaburi Rd, Makkasan, Ratchathewi, Bangkok 10400, Thailand","https://serpapi.com/search.json?engine=google_maps&google_domain=google.com&hl=en&place_id=ChIJrcq7Pe6e4jAR3Gl4zRs3E-Y","4.8","347","NORMAL","","","9"
"UnReal Gym","gym","http://www.unrealgymthailand.com/","+66 97 945 5444","51 iStore Building Floor, 6-8 Sukhumvit 24 Alley, Khlong Tan, Khlong Toei, Bangkok 10110, Thailand","https://serpapi.com/search.json?engine=google_maps&google_domain=google.com&hl=en&place_id=ChIJY0Prbgyf4jARQOCuLBbU17Q","4.8","285","NORMAL","","","6"
"MOOV Bangkok","gym","https://www.moovbangkok.com/","+66 2 251 2646","55, 55/7-11 Phaya Thai Rd, Thanon Phaya Thai, Ratchathewi, Bangkok 10400, Thailand","https://serpapi.com/search.json?engine=google_maps&google_domain=google.com&hl=en&place_id=ChIJNy3TXvCf4jAR43bbQJOH1Tk","4.7","106","NORMAL","","","9"
"Fitness One - ฟิตเนสวัน อาคารรสาทู","gym","https://www.fitnessonethailand.com/","+66 81 151 0422","1818 อาคารรสา ทู ชั้นที่ 5 ห้องเลขที่ 501, Phetchaburi Rd, Makkasan, Ratchathewi, Bangkok 10400, Thailand","https://serpapi.com/search.json?engine=google_maps&google_domain=google.com&hl=en&place_id=ChIJI4hozNyf4jARXCT0npqAgAY","4.6","118","NORMAL","","","9"
"Encore Training Club","gym","http://www.encoretrainingclub.com/","","Phanjaphum Building, Top Floor, 127 S Sathon Rd, Yan Nawa, Bangkok 10120, Thailand","https://serpapi.com/search.json?engine=google_maps&google_domain=google.com&hl=en&place_id=ChIJVQUm38qf4jARcknSNfdhhxA","5","225","NORMAL","","","8"
"The Standard Gym","gym","https://www.standardhotels.com/bangkok/features/thestandardgym-bkk","+66 2 085 8888","The Standard, Bangkok Mahanakhon, 6th Floor, 114 Narathiwas Road, Si Lom, Bang Rak, Bangkok 10500, Thailand","https://serpapi.com/search.json?engine=google_maps&google_domain=google.com&hl=en&place_id=ChIJdS8i5ViZ4jARkZ6Iq8J8c6k","4.9","22","NORMAL","","","10"
"Profitbangkok","gym","https://lin.ee/ogI2wSE","+66 97 130 1827","2343 On Nut Rd, Rd Suan Luang, Bangkok 10250, Thailand","https://serpapi.com/search.json?engine=google_maps&google_domain=google.com&hl=en&place_id=ChIJ2wFD-hVhHTERACPOKTULE1g","5","81","NORMAL","","","10"
"Maxfit Asoke แม็กฟิต","gym","https://bit.ly/3NCVjOJ","+66 95 892 8503","170/51 Ratchadaphisek Rd, Khlong Toei, Bangkok 10110, Thailand","https://serpapi.com/search.json?engine=google_maps&google_domain=google.com&hl=en&place_id=ChIJqdobjvue4jARS-xhlhTEFbo","4.7","79","NORMAL","","","9"
"Platform BKK","gym","https://instagram.com/platform.bkk?utm_medium=copy_link","+66 86 362 2367","Rama IV Rd, Phra Khanong, Khlong Toei, Bangkok 10110, Thailand","https://serpapi.com/search.json?engine=google_maps&google_domain=google.com&hl=en&place_id=ChIJz-nIFgKf4jARt6zRw7rQfLk","5","45","NORMAL","","","9"
"Fit One Gym","gym","https://www.fitone.co.th/","+66 65 421 4255","66 Tower, ชั้น 2 ฝั่งพลาซ่า BTS อุดมสุข ทางเชื่อม Skywalk เข้าสู่ อาคารสำนักงาน 66 ทาวเวอร์, แขวง บางนา Bang Na, Bangkok 10260, Thailand","https://serpapi.com/search.json?engine=google_maps&google_domain=google.com&hl=en&place_id=ChIJseklqzyh4jARgrITO-L4cHo","4.8","128","NORMAL","","","9"
"Akara Bangkok","hotel","https://www.akarahotels.com/bangkok/","+66 2 248 5511","372 Thanon Si Ayutthaya, Khwaeng Thanon Phaya Thai, Khet Ratchathewi, Bangkok 10400, Thailand","https://serpapi.com/search.json?engine=google_maps&google_domain=google.com&hl=en&place_id=ChIJoVRY5Mee4jARI_sqfC92WAM","4.4","1485","NORMAL","","","10"
"Shangri-La Bangkok","hotel","https://www.shangri-la.com/bangkok/?WT.mc_id=SLBK_201905_GLOBAL_GMB_HOTEL_TEXTLINK_EN","+66 2 236 7777","89 Wat Suan Phlu Alley, Bang Rak, Bangkok 10500, Thailand","https://serpapi.com/search.json?engine=google_maps&google_domain=google.com&hl=en&place_id=ChIJcf_j1C-Z4jARfDy3FlDr-Wc","4.6","11225","NORMAL","","","9"
"Baiyoke Sky Hotel","hotel","http://baiyokesky.baiyokehotel.com/","+66 2 656 3000","222 Ratchaprarop Rd, Thanon Phaya Thai, Ratchathewi, Bangkok 10400, Thailand","https://serpapi.com/search.json?engine=google_maps&google_domain=google.com&hl=en&place_id=ChIJLxrEcMie4jARb4KfjpcicvA","4.3","20859","NORMAL","","","8"
"The Berkeley Hotel Pratunam","hotel","https://www.berkeleypratunam.com/","+66 2 309 9999","559 Ratchaprarop Rd, Makkasan, Ratchathewi, Bangkok 10400, Thailand","https://serpapi.com/search.json?engine=google_maps&google_domain=google.com&hl=en&place_id=ChIJi-YG88We4jARAkpfrYgaG-A","4.6","18085","NORMAL","","","9"
"Eastin Grand Hotel Phayathai","hotel","https://www.eastinhotelsresidences.com/eastingrandhotelphayathai","+66 2 483 2899","The Unicorn Building, 18 Phaya Thai Rd, Thung Phaya Thai, Ratchathewi, Bangkok 10400, Thailand","https://serpapi.com/search.json?engine=google_maps&google_domain=google.com&hl=en&place_id=ChIJAfeapOef4jARP742CpyjQgA","4.8","3344","NORMAL","","","10"
"Siam@Siam Design Hotel Bangkok","hotel","https://www.siamatsiam.com/bangkok/?utm_content_GMB","+66 2 217 3000","Opposite National Stadium, 865 Rama I Rd, Wang Mai, Pathum Wan, Bangkok 10330, Thailand","https://serpapi.com/search.json?engine=google_maps&google_domain=google.com&hl=en&place_id=ChIJVZ_3_9ae4jARRqpJm6YHcKM","4.4","3703","NORMAL","","","10"
"JC Kevin Sathorn Bangkok Hotel","hotel","https://jckevin.com/","+66 2 210 9000","36 Naradhiwas Rajanagarindra Rd, Yan Nawa, Sathon, Bangkok 10120, Thailand","https://serpapi.com/search.json?engine=google_maps&google_domain=google.com&hl=en&place_id=ChIJBZzqkTSf4jARU9hgwC1mlvA","4.4","6922","NORMAL","","","9"
"Hilton Bangkok Grande Asoke","hotel","https://www.hilton.com/en/hotels/bkkashi-hilton-bangkok-grande-asoke/?SEO_id=GMB-APAC-HI-BKKASHI","+66 2 204 4000","30 Sukhumvit 21 Rd, Khlong Toei Nuea, Watthana, Bangkok 10110, Thailand","https://serpapi.com/search.json?engine=google_maps&google_domain=google.com&hl=en&place_id=ChIJZVEM4zKf4jARM_DEhnu63Ew","4.4","1147","HIGH","","",""
"Lilit Bang Lumphu Hotel - Bangkok","hotel","https://www.lilithotel.com/","+66 2 026 6949","55/8 Trok Soi Ban, Soi Phan Thom, Bangkok 10200, Thailand","https://serpapi.com/search.json?engine=google_maps&google_domain=google.com&hl=en&place_id=ChIJ2fJWh2uZ4jARd_yIk0iAQss","4.6","584","NORMAL","","","10"
"Bangkok City Hotel","hotel","https://www.bangkokcityhotel.com/","+66 2 215 2929","268 Phetchaburi Rd, Thanon Phetchaburi, Ratchathewi, Bangkok 10400, Thailand","https://serpapi.com/search.json?engine=google_maps&google_domain=google.com&hl=en&place_id=ChIJuyczxTSZ4jAR2rnUC9KTw6o","4","2489","NORMAL","","","10"
"Rembrandt Hotel Bangkok","hotel","https://www.rembrandthotelbangkok.com/","+66 2 261 7100","19 Sukhumvit Soi 18, Khlong Toei, Bangkok 10110, Thailand","https://serpapi.com/search.json?engine=google_maps&google_domain=google.com&hl=en&place_id=ChIJu-gRTh2f4jARH8E0K5g_vZU","4.6","14343","NORMAL","","","10"
"Amari Bangkok","hotel","https://www.amari.com/bangkok?utm_source=google&utm_medium=gmb&utm_content=home&utm_campaign=awb","+66 2 653 9000","847 Phetchaburi Rd, Khwaeng Thanon Phaya Thai, Ratchathewi, Bangkok 10400, Thailand","https://serpapi.com/search.json?engine=google_maps&google_domain=google.com&hl=en&place_id=ChIJ69UzUM-e4jARwyvJBkeTbr0","4.5","9446","NORMAL","","","10"
"Tim Mansion Bangkok Hotel","hotel","http://www.timmansionbkk.com/","+66 65 353 2549","337 Maha Chai Rd, Samran Rat, Phra Nakhon, Bangkok 10200, Thailand","https://serpapi.com/search.json?engine=google_maps&google_domain=google.com&hl=en&place_id=ChIJW-WLexaZ4jART9hjCi-Cq7E","4.5","744","NORMAL","","","7"
"Tori Prestige Bangkok Hotel","hotel","","+66 2 550 7097","57, 34 Soi Phetchaburi 15, Khwaeng Thanon Phaya Thai, Ratchathewi, Bangkok 10400, Thailand","https://serpapi.com/search.json?engine=google_maps&google_domain=google.com&hl=en&place_id=ChIJtRCjpHef4jARPEO4MdoJ-V4","3.8","486","HIGH","","",""
"Asia Hotel Bangkok","hotel","http://www.asiahotel.co.th/asia_bangkok/","+66 2 217 0808","296 Phaya Thai Rd, Khwaeng Thanon Phetchaburi, Khet Ratchathewi, Bangkok 10400, Thailand","https://serpapi.com/search.json?engine=google_maps&google_domain=google.com&hl=en&place_id=ChIJH2h86IGe4jARyjZ6wppSlkQ","4","6902","NORMAL","","","8"
"Night Hotel Bangkok - Sukhumvit 15","hotel","https://www.nighthotels.com/","+66 2 254 8500","Night Hotel Bangkok, 10 Sukhumvit 15, Khlong Toei Nuea, Watthana, Bangkok 10110, Thailand","https://serpapi.com/search.json?engine=google_maps&google_domain=google.com&hl=en&place_id=ChIJW3-qd-ae4jAR_lOtKTIfG7A","4.3","2328","NORMAL","","","9"
"Maison Hotel Bangkok","hotel","https://maisonhotelbangkok.com/","+66 2 255 0044","18 Sukhumvit 2, Khlong Toei, Bangkok 10110, Thailand","https://serpapi.com/search.json?engine=google_maps&google_domain=google.com&hl=en&place_id=ChIJrTRkXv6f4jARTnzHJ5Gl7_A","4.4","1067","NORMAL","","","10"
"Centara Life Hotel Bangkok Phra Nakhon","hotel","https://www.centarahotelsresorts.com/centra/cbp","+66 2 022 6336","78 Prajatipatai, Boripat Rd, Phantom, Pranakorn, Bangkok 10200, Thailand","https://serpapi.com/search.json?engine=google_maps&google_domain=google.com&hl=en&place_id=ChIJeSP22yCZ4jARlxCLT2YC4fM","4.6","1463","NORMAL","","","9"
"Arnoma Grand Bangkok","hotel","http://www.arnoma.com/","+66 2 655 5555","99 Ratchadamri Rd, Lumphini, Pathum Wan, Bangkok 10330, Thailand","https://serpapi.com/search.json?engine=google_maps&google_domain=google.com&hl=en&place_id=ChIJF8c59s-e4jARoz5R8nHRj2Y","4","2883","NORMAL","","","7"
"Chatrium Hotel Riverside Bangkok","hotel","https://www.chatrium.com/chatriumriversidebangkok?utm_source=google&utm_medium=organic&utm_campaign=gmb-chatriumhotelriversidebangkok","+66 2 307 8888","28 ถ. เจริญกรุง, Wat Phraya Krai, Bang Kho Laem, Bangkok 10120, Thailand","https://serpapi.com/search.json?engine=google_maps&google_domain=google.com&hl=en&place_id=ChIJFYHsCL-Y4jAR4bcD5G4o1Ks","4.6","7354","NORMAL","","","10"
"All Day Tattoo Studio Bkk","tattoo studio","https://www.alldaytattoo.com/?utm_source=google&utm_medium=organic&utm_campaign=gbp&utm_content=main_button","+66 98 381 4364","Rain Hill 2nd Floor Units L2-03-07, 777 Sukhumvit Rd, Khlong Tan Nuea, Watthana, Bangkok 10110, Thailand","https://serpapi.com/search.json?engine=google_maps&google_domain=google.com&hl=en&place_id=ChIJCbHCSPie4jARLX92T9l9980","4.9","2716","NORMAL","","","10"
"ink.inc Tattoo Bangkok","tattoo studio","https://ink.inc/?utm_source=google&utm_medium=gmb&utm_campaign=bangkok_gmb","+66 84 229 4441","B3, Unit, 26/7 Sukhumvit 11 Aly, Bangkok 10110, Thailand","https://serpapi.com/search.json?engine=google_maps&google_domain=google.com&hl=en&place_id=ChIJWdapkmqf4jARB0IVk0JGalA","5","5846","NORMAL","","","10"
"Bangkok Tattoo Studio","tattoo studio","http://www.bangkoktattoostudio.com/","+66 89 815 1077","Maneeya Center,9th floor, Phloen Chit Rd, Lumphini, Pathum Wan, Bangkok 10330, Thailand","https://serpapi.com/search.json?engine=google_maps&google_domain=google.com&hl=en&place_id=ChIJ_UpOmtqe4jAREDbwyXj77v8","4.9","295","HIGH","","",""
"BKK Ink","tattoo studio","http://www.bkkinktattoostudio.com/","+66 2 629 2475","143 Thanon Tanao, Wat Bowon Niwet, Phra Nakhon, Bangkok 10200, Thailand","https://serpapi.com/search.json?engine=google_maps&google_domain=google.com&hl=en&place_id=ChIJ16OLJROZ4jAR65SWhHQVtZE","4.8","1034","NORMAL","","","7"
"MIMPTATTOO Studio Bangkok,Thailand","tattoo studio","https://mimptattoobangkok.com/","+66 95 949 1778","Citylink พระราม 9, Thap Chang, Saphan Sung, Bangkok 10250, Thailand","https://serpapi.com/search.json?engine=google_maps&google_domain=google.com&hl=en&place_id=ChIJNZnbQF-e4jARWJ_YzTJe__k","4.9","166","NORMAL","","","9"
"MAX TATTOO Studio at Khaosan Road , Bangkok , Thailand","tattoo studio","https://m.facebook.com/maxtattookhaosanroad/","+66 2 629 1642","Room No. 470, D&D Inn Hotel, 3 Khaosan Rd, Taladyod, Phranakorn District, Bangkok 10200, Thailand","https://serpapi.com/search.json?engine=google_maps&google_domain=google.com&hl=en&place_id=ChIJB-1QUW2Z4jARyOXk8pz9T3E","4.9","1714","HIGH","","",""
"Tattoo od studio Bangkok","tattoo studio","https://www.instagram.com/odstudiotattoo?igsh=MWFhZ2hva2g2ZWVzeQ%3D%3D&utm_source=qr","+66 91 725 2426","2, 2 Sukhumvit 53 Alley, Khlong Tan Nuea, Watthana, Bangkok 10110, Thailand","https://serpapi.com/search.json?engine=google_maps&google_domain=google.com&hl=en&place_id=ChIJ3bFZCamf4jAR15cIQrahClo","4.8","245","NORMAL","","","9"
"California Ink Tattoo Bangkok","tattoo studio","https://cali-ink.com/","+66 2 120 7558","23, 164 Sukhumvit 4 Alley, Khlong Toei, Bangkok 10110, Thailand","https://serpapi.com/search.json?engine=google_maps&google_domain=google.com&hl=en&place_id=ChIJZ-HFXDef4jARd27xawqzF7U","4.9","2085","NORMAL","","","10"
"BT Tattoo Thailand Bangkok","tattoo studio","http://www.bt-tattoo.com/","+66 95 251 8767","147/7 Sukhumvit 4 Soi Samahan, Klongtoey Bangkok, Klong Toey, Bangkok 10110, Thailand","https://serpapi.com/search.json?engine=google_maps&google_domain=google.com&hl=en&place_id=ChIJ3YdopeGe4jARE4hwm3WARv0","4.9","399","NORMAL","","","7"
"Bangkok Tattoo Studio 13","tattoo studio","https://www.bkktattoostudio13.com/","+66 84 760 3042","231/12 Sukhumvit 101 Alley, Bang Chak, Phra Khanong, Bangkok 10260, Thailand","https://serpapi.com/search.json?engine=google_maps&google_domain=google.com&hl=en&place_id=ChIJq06Bjfmf4jARzxk7GzfYoZ8","4.8","99","NORMAL","","","10"
"Raven Tattoo Studio (Bangkok)","tattoo studio","https://www.raventattoobangkok.com/","+66 95 557 0146","เลขที่ A15-A17, หอง, Soi Phetchaburi 15, Thanon Phaya Thai, Ratchathewi, Bangkok 10400, Thailand","https://serpapi.com/search.json?engine=google_maps&google_domain=google.com&hl=en&place_id=ChIJ9wZlrE-f4jARcEuUNqIADz4","4.9","118","NORMAL","","","error"
"Bangkok Ink Tattoo, Machine, Hand Poke, Piercing, Tattoo Removal in Bkk | English Speaking Staff in Bangkok","tattoo studio","http://bangkok-ink.com/","+66 80 007 1126","10/6 Sukhumvit 33 Alley, Khlong Tan Nuea, Watthana, Krung Thep Maha Nakhon 10110, Thailand","https://serpapi.com/search.json?engine=google_maps&google_domain=google.com&hl=en&place_id=ChIJCc-ineee4jAREpQai6_S_Bc","4.9","1414","NORMAL","","","8"
"Common Ground Tattoo","tattoo studio","","+66 94 582 2355","1855, 1857 ถ. เจริญกรุง, Wat Phraya Krai, Bang Kho Laem, Bangkok 10120, Thailand","https://serpapi.com/search.json?engine=google_maps&google_domain=google.com&hl=en&place_id=ChIJe4a1McSY4jARxAc18vCRYu0","4.7","253","HIGH","","",""
"Koma Tattoo Studio Bangkok","tattoo studio","https://www.facebook.com/profile.php?id=61557354201064&mibextid=LQQJ4d","+66 84 889 8411","เลขที่1 Sam Sen Rd, Khwaeng Wat Sam Phraya, Phra Nakhon, Bangkok 10200, Thailand","https://serpapi.com/search.json?engine=google_maps&google_domain=google.com&hl=en&place_id=ChIJfyONmG6Z4jARZiqLn2LD9Zs","4.9","135","NORMAL","","","10"
"PUREink. Tattoo Bangkok","tattoo studio","https://pureinkbkk.com/?utm_source=gbp&utm_medium=organic&utm_campaign=main-profile","+66 81 365 9628","1319 ถ. เจริญกรุง, Suriyawong Bang Rak, Bangkok 10500, Thailand","https://serpapi.com/search.json?engine=google_maps&google_domain=google.com&hl=en&place_id=ChIJcdCgmMGZ4jARcNjyU6xd0rM","5","1625","NORMAL","","","9"
"ink Addict Tattoo","tattoo studio","https://www.instagram.com/inkaddictthailand?igsh=Z2t6bHB0dnBobzJ6&utm_source=qr","+66 92 939 0559","329/4 Ram Buttri Aly, Talat Yot, Phra Nakhon, Bangkok 10200, Thailand","https://serpapi.com/search.json?engine=google_maps&google_domain=google.com&hl=en&place_id=ChIJP5Hj12yZ4jAR_Ynq8a9GDrA","5","2118","NORMAL","","","9"
"Lone Wolf Studio","tattoo studio","https://www.facebook.com/lonewolfstudiobkk/","+66 89 520 0994","193/7 อาคาร บุญทิมา 4 ชั้นที่ 1, Sukhumvit 101 Alley, Bang Chak, Phra Khanong, Bangkok 10260, Thailand","https://serpapi.com/search.json?engine=google_maps&google_domain=google.com&hl=en&place_id=ChIJp59ikvmf4jAR7hYwLaHy9Xc","4.8","140","NORMAL","","","10"
"Vital Luxury Tattoo Studio","tattoo studio","https://www.thevitaltattoo.com/","+66 64 987 6027","1091, 153-154 Phetchaburi 33 Alley, Makkasan, Ratchathewi, Bangkok 10400, Thailand","https://serpapi.com/search.json?engine=google_maps&google_domain=google.com&hl=en&place_id=ChIJmW9jKdWf4jARZv7NM8CRyoI","4.8","571","NORMAL","","","10"
"Absolute Tattoo Bangkok","tattoo studio","https://www.absolutetattoobangkok.com/","+66 64 714 8668","100/1 Sukhumvit 4 Alley, Khwaeng Khlong Toei, Khlong Toei, Bangkok 10110, Thailand","https://serpapi.com/search.json?engine=google_maps&google_domain=google.com&hl=en&place_id=ChIJWUkH5I-f4jARBdOX6rWluZ4","5","178","NORMAL","","","8"
"Bloodline Tattoo Bangkok","tattoo studio","https://bloodlinetattoobangkok.com/","+66 82 045 0006","22/3-4 Sukhumvit 21 Rd, Khlong Toei, Watthana, Bangkok 10110, Thailand","https://serpapi.com/search.json?engine=google_maps&google_domain=google.com&hl=en&place_id=ChIJ19oIISmf4jARoVedKSA0V-U","5","528","NORMAL","","","10"
"Sense Property Group - Sukhumvit Agency","real estate agency","http://www.senseproperty.com/","+66 2 005 1259","43/30 Sukhumvit 31 (Sawatdi), Sukhumvit Road, Klongton, Klongtoey, Bangkok 10110, Thailand","https://serpapi.com/search.json?engine=google_maps&google_domain=google.com&hl=en&place_id=ChIJUdRnm_ue4jARqB4hPQK2YT8","4.7","44","NORMAL","","","7"
"Five Stars Thailand Real Estate (agence immobilière)","real estate agency","https://www.fivestars-thailand.com/","+66 2 233 5118","20 Bubhajit Building, 14th Floor, Unit 14-A1 North, S Sathon Rd, Si Lom, Bang Rak, Bangkok 10500, Thailand","https://serpapi.com/search.json?engine=google_maps&google_domain=google.com&hl=en&place_id=ChIJy3EQQNqe4jAR-6gO637NbpM","4.9","99","NORMAL","","","9"
"Bangkok Real Property","real estate agency","https://bangkokrealproperty.com/","+66 89 412 0111","39 Navatanee, Soi 1, 10230, Thailand","https://serpapi.com/search.json?engine=google_maps&google_domain=google.com&hl=en&place_id=ChIJkREbvJRhHTERhSeoiH102Uo","4.9","106","NORMAL","","","10"
"The Bangkok Residence","real estate agency","https://thebkkresidence.com/","+66 2 258 8189","Bangkok Residence 88 Company Limited (Head Office) No. 193/47 Lekratchada Building, 12A Floor T Zone A, Ratchadaphisek Rd, Khlong Toei, Bangkok 10110, Thailand","https://serpapi.com/search.json?engine=google_maps&google_domain=google.com&hl=en&place_id=ChIJcwYkYxuf4jAR9on5mnAa1tY","4.9","1295","NORMAL","","","10"
"Fresh Property","real estate agency","http://www.freshbangkok.com/","+66 92 264 3444","Panjit Tower, 15th floor, 117 Thong Lo, Khlong Tan Nuea, Watthana, Bangkok 10110, Thailand","https://serpapi.com/search.json?engine=google_maps&google_domain=google.com&hl=en&place_id=ChIJ1zMc1OWe4jARG7a-AhtLmL8","5","84","NORMAL","","","error"
"Lazudi Bangkok Real Estate","real estate agency","https://lazudi.com/th-en/real-estate-agent/bangkok?utm_source=google-search&utm_medium=bkk-agent-page&utm_campaign=bkk-agent-page-gmb&utm_id=gmb-bkk-agent-page&utm_term=bkk-agent-page-gmb&utm_content=bkk-agent-page","+66 2 460 9389","283/93 Homeplace office building, 18th floor, Soi Sukhumvit 55, Sukhumvit Road Klongtan Nua,Wattana, Klongtan Nua, Bangkok 10110, Thailand","https://serpapi.com/search.json?engine=google_maps&google_domain=google.com&hl=en&place_id=ChIJqcIgRfaf4jAR4hXQAs0T45Y","4.8","207","NORMAL","","","10"
"PropertyScout","real estate agency","https://propertyscout.co.th/","","Panjit Tower, 15th floor, 117 Thong Lo, Khlong Tan Nuea, Watthana, Bangkok 10110, Thailand","https://serpapi.com/search.json?engine=google_maps&google_domain=google.com&hl=en&place_id=ChIJmxk7v_2f4jARhel7psLrCCI","4.8","1540","NORMAL","","","10"
"Triumph Property - Best Real Estate Agent Bangkok","real estate agency","https://www.triumphpropertythailand.com/","+66 95 720 0530","10/174, Level, 21 Soi Sukhumvit 13, Khlong Toei Nuea, Watthana, Bangkok 10110, Thailand","https://serpapi.com/search.json?engine=google_maps&google_domain=google.com&hl=en&place_id=ChIJD6mxxb8TAzERs2WfyT9NDv4","5","66","NORMAL","","","10"
"PropertySights Real Estate","real estate agency","https://propertysights.com/","","36 Soi Sukhumvit 40, Prakanong, Khlong Toei, Bangkok 10110, Thailand","https://serpapi.com/search.json?engine=google_maps&google_domain=google.com&hl=en&place_id=ChIJ5bmOds-f4jARytG8W26sfkw","4.8","113","NORMAL","","","10"
"Baan Hunt Real Estate Co.,Ltd","real estate agency","https://baanhunt.com/","+66 82 492 4929","129/2 Thong Lo, Khlong Tan Nuea, Watthana, Bangkok 10110, Thailand","https://serpapi.com/search.json?engine=google_maps&google_domain=google.com&hl=en&place_id=ChIJ37T2zHmf4jARQCmFPxG2xMU","4.7","149","HIGH","","",""
"MAGIC PROPERTY","real estate agency","https://magicpropertybkk.com/","+66 2 011 1588","1000/219, 2nd floor, liberty plaza, Thong Lo, Khlong Tan Nuea, Watthana, Bangkok 10110, Thailand","https://serpapi.com/search.json?engine=google_maps&google_domain=google.com&hl=en&place_id=ChIJzyeLnrKf4jARPJ5wv658g1E","5","113","NORMAL","","","9"
"Housing Bangkok","real estate agency","https://housingbangkok.com/","+66 63 264 1093","25 fl, Sirinrat Building, 3388 Rama IV Rd, Khlong Tan, Khlong Toei, Bangkok 10110, Thailand","https://serpapi.com/search.json?engine=google_maps&google_domain=google.com&hl=en&place_id=ChIJDzcTiMWf4jARSO7rYg2u1aw","5","2","NORMAL","","","10"
"BKKhappyhome Real Estate Agency","real estate agency","http://www.bkkhappyhome.com/","+66 92 878 6592","","https://serpapi.com/search.json?engine=google_maps&google_domain=google.com&hl=en&place_id=ChIJtwGM2vMGVYURBmHWvWeFjDU","5","99","NORMAL","","","6"
"Siam Real Estate Bangkok","real estate agency","http://www.siamrealestate.com/","+66 2 666 4968","20th Fl , United Business Centre II (UBCII) Building, 591 Sukhumvit Rd, North, Klongton, Bangkok 10110, Thailand","https://serpapi.com/search.json?engine=google_maps&google_domain=google.com&hl=en&place_id=ChIJye1K4uWe4jARlzdEuNgvAYw","4.7","13","NORMAL","","","6"
"Home Finder Bangkok","real estate agency","http://www.homefinderbangkok.com/","+66 95 774 2820","Summer Hill, 3/F, 1106 Sukhumvit Rd, Prakhanong, Klongtoey, Bangkok 10110, Thailand","https://serpapi.com/search.json?engine=google_maps&google_domain=google.com&hl=en&place_id=ChIJnwGtg-ae4jARJrSoypv59pk","5","90","NORMAL","","","7"
"Amazing Properties Bangkok","real estate agency","https://amazingproperties.org/","+66 96 996 3696","312, 5 Sukhumvit Alley 22, Klongtoey, Khlong Toei, Bangkok 10110, Thailand","https://serpapi.com/search.json?engine=google_maps&google_domain=google.com&hl=en&place_id=ChIJ_____y-b4jAR3ONJYjTWMqQ","4.6","36","NORMAL","","","10"
"REMAX Thailand","real estate agency","https://remax.co.th/","+66 2 038 5868","Nasa street shopping mall, 2nd Floor, Ramkhamhaeng Rd, Suan Luang, Bangkok 10250, Thailand","https://serpapi.com/search.json?engine=google_maps&google_domain=google.com&hl=en&place_id=ChIJ071foNphHTER01B-f2sVjdM","4.8","62","NORMAL","","","7"
"Accom Asia Real Estate Agency - Match Your Desire with Properties to BUY - SALE - RENT - INVEST Since 2002","real estate agency","https://www.accomasia.co.th/","+66 81 422 1412","Rama 4 3388/93 Sirinrat Building, floor, 25 Rama IV Rd, Khlong Tan, Khlong Toei, Bangkok 10110, Thailand","https://serpapi.com/search.json?engine=google_maps&google_domain=google.com&hl=en&place_id=ChIJhy_H8wef4jARawfXZUGBiAc","4.7","116","NORMAL","","","9"
"Citadel Real Estate Co., Ltd","real estate agency","https://citadel.co.th/","+66 83 489 8000","The River Condominium, 110 Charoennakhorn road 1st Floor, Tower B, North Tower, Khlong Ton Sai, Khlong San, Bangkok 10600, Thailand","https://serpapi.com/search.json?engine=google_maps&google_domain=google.com&hl=en&place_id=ChIJW9QE3ruZ4jARHtWbr1eDJ3A","4.7","54","NORMAL","","","10"
"1D Property Co Ltd","real estate agency","http://www.1dproperty.com/","+66 86 413 0974","101, 8 Bang Na-Trat 33, Bang Na Nuea, Bang Na, Bangkok 10260, Thailand","https://serpapi.com/search.json?engine=google_maps&google_domain=google.com&hl=en&place_id=ChIJ29Hckbqf4jARZSHUesGbmXA","5","48","NORMAL","","","8"
"PIMACCOUNTING","accounting firm","https://www.pimaccounting.com/","+66 92 609 7226","682/6 Sukhumvit Rd, Khlong Tan, Khlong Toei, Bangkok 10110, Thailand","https://serpapi.com/search.json?engine=google_maps&google_domain=google.com&hl=en&place_id=ChIJH1W4hvGf4jARjQdntrn58T0","4.9","22","NORMAL","","","10"
"HLB Thailand","accounting firm","https://www.hlbthai.com/","+66 2 260 7290","191/70-73 CTI Tower, 14 Floor, New Rachadapisek Road,, Klongtoey, Bangkok 10110, Thailand","https://serpapi.com/search.json?engine=google_maps&google_domain=google.com&hl=en&place_id=ChIJo4rvgR2f4jARLDvDuU_kxuY","4.5","15","NORMAL","","","10"
"EFBS (Thailand) Limited - สำนักงานบัญชี (Accounting firm)","accounting firm","http://efbs-group.com/","+66 95 491 3197","30th Floor, Singha Complex, 1788 New Petchaburi Rd, Bangkapi, Huai Khwang, Bangkok 10310, Thailand","https://serpapi.com/search.json?engine=google_maps&google_domain=google.com&hl=en&place_id=ChIJr6b-tSGf4jARQLrnkMJXsPA","5","40","NORMAL","","","8"
"B-ACCOUNTING Co., LTD","accounting firm","https://b-accounting.com/","+66 2 026 3290","92, 44 N Sathon Rd, Si Lom, Bang Rak, Bangkok 10500, Thailand","https://serpapi.com/search.json?engine=google_maps&google_domain=google.com&hl=en&place_id=ChIJ72d2D92e4jAR_JjNGd-vKlI","4.8","16","NORMAL","","","10"
"YPN ACCOUNTING CO., LTD.","accounting firm","https://ypnaccounting.com/","+66 64 229 2953","725, S - Metro Building, 20th Floor, Sukhumvit Road Khlong Tan Nuea Sub-district, Watthana, Bangkok 10110, Thailand","https://serpapi.com/search.json?engine=google_maps&google_domain=google.com&hl=en&place_id=ChIJfwt4y8qf4jAR1siflsRbNM4","5","17","NORMAL","","","10"
"Plizz (Thailand) Co., Ltd.","accounting firm","http://www.plizz.co/","+66 2 821 5100","Floor 11, Green Tower, 3656/35, Khlong Tan, KlongToei, Bangkok 10110, Thailand","https://serpapi.com/search.json?engine=google_maps&google_domain=google.com&hl=en&place_id=ChIJq6P-vLuf4jAR3D3lFbZTNFs","4.4","78","NORMAL","","","7"
"Baker Tilly Thailand","accounting firm","https://www.bakertilly.co.th/","+66 2 679 5400","Sathorn City Tower, 175 S Sathon Rd, Thung Maha Mek, Sathon, Bangkok 10120, Thailand","https://serpapi.com/search.json?engine=google_maps&google_domain=google.com&hl=en&place_id=ChIJFygTO82Y4jAR_O3TKAiTLag","4.8","5","NORMAL","","","9"
"Siam International Accounting Management Ltd.","accounting firm","https://www.siamtaxtreaties.com/","+66 2 391 3906","Office 446/17, Park Avenue Plaza, Soi 20, 1 Sukhumvit 71 Rd, Prakanong Nua, Watthana, Bangkok 10110, Thailand","https://serpapi.com/search.json?engine=google_maps&google_domain=google.com&hl=en&place_id=ChIJnV1GJLaf4jAR56uH0wI9y1s","5","33","NORMAL","","","5"
"Jinda Outsourcing Co. Ltd.","accounting firm","https://jinda.co.th/","+66 62 312 5618","No, 8 Naradhiwas Rajanagarindra Rd, Yan Nawa, Sathon, Bangkok 10120, Thailand","https://serpapi.com/search.json?engine=google_maps&google_domain=google.com&hl=en&place_id=ChIJLVvcES2f4jARBeU6PWi25qo","4.9","36","NORMAL","","","10"
"BDO in Thailand","accounting firm","http://www.bdo.th/","+66 2 180 6300","42nd Floor, Exchange Tower, 388 Sukhumvit Rd, Klongtoey District, Bangkok 10110, Thailand","https://serpapi.com/search.json?engine=google_maps&google_domain=google.com&hl=en&place_id=ChIJddx9B-mf4jARZs1YjOWeSwA","4.4","8","NORMAL","","","6"
"Kreston Thailand","accounting firm","https://www.kreston-thailand.com/contact-us/","+66 2 109 9623","100/30-100/33, Sathorn Nakorn Tower 19th-20th Floor, Room, 437 N Sathon Rd, Si Lom, Bang Rak, Bangkok 10500, Thailand","https://serpapi.com/search.json?engine=google_maps&google_domain=google.com&hl=en&place_id=ChIJP1YZAHIzZkQRYyCWv_K5oF8","5","7","NORMAL","","","9"
"MSN Audit Ltd.","accounting firm","http://www.msnagroup.com/","+66 2 643 8600","65/62 Chamnan Phenjati Business Center Building, Huai Khwang, Bangkok 10310, Thailand","https://serpapi.com/search.json?engine=google_maps&google_domain=google.com&hl=en&place_id=ChIJX9EhsIye4jARGOIegiuDCpo","5","13","NORMAL","","","6"
"FlowAccount Co., Ltd.","accounting firm","http://www.flowaccount.com/","+66 2 026 8989","141/12 ชั้น 11 ยูนิต 12B, อาคารสกุลไทย, Surawong Rd, Suriya Wong, Bang Rak, Bangkok 10500, Thailand","https://serpapi.com/search.json?engine=google_maps&google_domain=google.com&hl=en&place_id=ChIJ970SFqWZ4jARZ3VDhuEo4Z4","4.9","2360","NORMAL","","","8"
"Panwa Group Accounting & Corporate","accounting firm","http://www.companythailand.net/","+66 2 933 9000","1560 Lat Phrao Rd, Khwaeng Wang Thonglang, Khet Wang Thonglang, Bangkok 10310, Thailand","https://serpapi.com/search.json?engine=google_maps&google_domain=google.com&hl=en&place_id=ChIJ_f6ItMad4jARnKUZrynCWV8","4.6","57","NORMAL","","","7"
"PKF Thailand","accounting firm","http://www.pkf.co.th/","+66 2 108 1591","98 อาคาร สาทร ส แคว ร์ ออฟฟิศ ทาวเวอร์ ชั้น 28 ยูนิต 2812 ถนน สาทร เหนือ แขวง, Si Lom Rd, 10500, Thailand","https://serpapi.com/search.json?engine=google_maps&google_domain=google.com&hl=en&place_id=ChIJ13OpTs2Y4jARBv36UW8Dtxg","3","6","NORMAL","","","8"
"Bangkok Business Service Center Co., Ltd. (BBSC)","accounting firm","https://bbsclegal.com/","+66 92 265 1046","Bangnamjued, 99/563-564, Mueang Samut Sakhon District, Samut Sakhon 74000, Thailand","https://serpapi.com/search.json?engine=google_maps&google_domain=google.com&hl=en&place_id=ChIJt8IV3aq74jARFfoYeeAmJOE","5","3","NORMAL","","","10"
"Grant Thornton Thailand","accounting firm","http://www.grantthornton.co.th/","+66 2 205 8222","11th Floor, Capital Tower All Seasons Place, 87/1 Witthayu Rd, Lumphini, Pathum Wan, Bangkok 10330, Thailand","https://serpapi.com/search.json?engine=google_maps&google_domain=google.com&hl=en&place_id=ChIJ6-_W9tWe4jARtPunX4XgzQg","4.9","14","NORMAL","","","8"
"Baan Banchi.com","accounting firm","https://baanbanchi.com/","+66 2 635 6159","30-38, K.B.S. Building, Unit # 306, 3rd Floor, Mahesak Road # 3, Suriyawong, Bang Rak, Bangkok 10500, Thailand","https://serpapi.com/search.json?engine=google_maps&google_domain=google.com&hl=en&place_id=ChIJBQz2YE2f4jARXOxX19qwXM0","5","20","NORMAL","","","10"
"AHHA-泰国共感律师会计师联合事务所/泰国注册公司，泰国会计，泰国审计，泰国税务/Empathy Consulting ( Thailand) PCL.","accounting firm","http://www.ahha.co.th/","+66 2 276 8607","No.240/31 , 17th floor, Ayothaya tower, Ratchadaphisek Rd, Khwaeng Huai Khwang, Huai Khwang, Bangkok 10310, Thailand","https://serpapi.com/search.json?engine=google_maps&google_domain=google.com&hl=en&place_id=ChIJRVGYVSuc4jARMgaSDceSYqM","4.9","39","NORMAL","","","5"
"JC ACCOUNTING","accounting firm","https://www.accounting-service.co.th/","+66 95 750 0888","33 Floor, Interchange 21, 399, Sukhumvit Rd, 10110, Thailand","https://serpapi.com/search.json?engine=google_maps&google_domain=google.com&hl=en&place_id=ChIJx6-gK_2e4jARCz3DrT8yu40","","","NORMAL","","","9"
"SO/ SPA at SO/ Bangkok","spa","https://www.so-bangkok.com/wellness-bangkok/","+66 2 624 0000","2 North, Sathorn, S Sathon Rd, Bang Rak, Bangkok 10500, Thailand","https://serpapi.com/search.json?engine=google_maps&google_domain=google.com&hl=en&place_id=ChIJEaFCIZyZ4jARylpZDsHOgw0","4.9","347","NORMAL","","","10"
"So Thai Spa","spa","http://www.sothaispabkk.com/","+66 2 117 9451","181, 16 Surawong Rd, Suriya Wong, Bang Rak, Bangkok 10500, Thailand","https://serpapi.com/search.json?engine=google_maps&google_domain=google.com&hl=en&place_id=ChIJ_T1BvdWZ4jAR5Bzk9oYHsnw","4.9","3832","NORMAL","","","7"
"Banyan Tree Spa Bangkok","spa","https://www.banyantree.com/spa/banyan-tree-spa-bangkok","+66 2 679 1200","21/100 S Sathon Rd, Thung Maha Mek, Sathon, Bangkok 10120, Thailand","https://serpapi.com/search.json?engine=google_maps&google_domain=google.com&hl=en&place_id=ChIJW4d290if4jARWAi7kS3nfFg","4.9","72","NORMAL","","","10"
"Spa Burasari Bangkok","spa","","+66 2 221 2121","479 Yaowarat Rd, Samphanthawong, Bangkok 10100, Thailand","https://serpapi.com/search.json?engine=google_maps&google_domain=google.com&hl=en&place_id=ChIJwXZGMTWZ4jAR1aViELYsqvg","4.9","284","HIGH","","",""
"Ikigai Spa Bangkok","spa","","+66 96 639 8747","Craftsman, 34-36 Soi Phahon Yothin 11, Phaya Thai, Bangkok 10400, Thailand","https://serpapi.com/search.json?engine=google_maps&google_domain=google.com&hl=en&place_id=ChIJdwCq4kqd4jARTfkcrQrKb_w","5","1100","HIGH","","",""
"City of Massage","spa","http://www.cityofmassage.com/","+66 95 710 8537","23 Ratchadamri Rd, Lumphini, Pathum Wan, Bangkok 10330, Thailand","https://serpapi.com/search.json?engine=google_maps&google_domain=google.com&hl=en&place_id=ChIJOSu1-vWf4jARav0yZ7KGfk0","4.8","4100","NORMAL","","","7"
"Oasis Spa (Bangkok, Sukhumvit 31)","spa","https://oasisspa.net/en/destination/bangkok/Sukhumvit31/?utm_source=mamgbp&utm_medium=gbp&utm_campaign=s31","+66 2 262 2122","64 Sukhumvit 31 Yaek 4, Khlong Tan Nuea, Watthana, Bangkok 10110, Thailand","https://serpapi.com/search.json?engine=google_maps&google_domain=google.com&hl=en&place_id=ChIJx_Ufxfue4jARAqAsjT-w07w","4.6","2088","NORMAL","","","10"
"Erawan Thai Massage and Head Spa Bangkok (Old Town)","spa","https://www.erawanthaibangkok.com/boriphat-branch","+66 97 974 7270","178 Boriphat Rd, Ban Bat, Pom Prap Sattru Phai, Bangkok 10100, Thailand","https://serpapi.com/search.json?engine=google_maps&google_domain=google.com&hl=en&place_id=ChIJOZgwy8GZ4jARLnDomrXkMgQ","4.8","374","NORMAL","","","10"
"Heavena Wellness & Spa (Ploenchit, Sivatel Hotel) - Massage, Thai Massage, Spa, นวด, นวดไทย, สปา, 按摩, 마사지","spa","https://heavenawellness.com/","+66 82 801 8000","8th Floor, of Sivatel Hotel, 53 Witthayu Rd, Lumphini, Pathum Wan, Bangkok 10330, Thailand","https://serpapi.com/search.json?engine=google_maps&google_domain=google.com&hl=en&place_id=ChIJPd9s00if4jARBHotNXYGDnI","5","521","NORMAL","","","10"
"Once Upon A Thai Spa (Phrom Phong)","spa","https://www.onceuponathaispa.com/visit-phromphong","+66 92 292 9799","8, 7 Soi Bannasan, Khlongton Khlongtoey, Bangkok 10110, Thailand","https://serpapi.com/search.json?engine=google_maps&google_domain=google.com&hl=en&place_id=ChIJQ8bhvJyf4jARNVgpZ9-YHNA","4.9","4448","NORMAL","","","10"
"Darin Beauty and Spa","spa","https://m.facebook.com/DarinBeauty/","+66 88 252 4955","303 Thanon Ram Buttri, Khwaeng Talat Yot, Khet Phra Nakhon, Bangkok 10200, Thailand","https://serpapi.com/search.json?engine=google_maps&google_domain=google.com&hl=en&place_id=ChIJNcQwMG2Z4jARNqFCP7iKing","4.6","2585","HIGH","","",""
"PAÑPURI ORGANIC SPA at Park Hyatt Bangkok","spa","https://www.panpuri.com/organicspa/park-hyatt-bangkok","+66 2 011 7462","Park Hyatt Bangkok, 11th floor, 88 (Central Embassy, Witthayu Rd, Lumphini, Pathum Wan, Bangkok 10330, Thailand","https://serpapi.com/search.json?engine=google_maps&google_domain=google.com&hl=en&place_id=ChIJx5zsntye4jARcQ9l6fKyJNs","4.8","191","NORMAL","","","8"
"TREASURE Spa & Massage @BTS Siam - SQ1","spa","https://treasurespa.com/","+66 95 738 4538","Siam Square One, Floor 6 Room SS6009, 388 Rama I Rd, Bangkok 10330, Thailand","https://serpapi.com/search.json?engine=google_maps&google_domain=google.com&hl=en&place_id=ChIJhQqs9tKe4jARvpMx1zPr-vI","4.8","2401","NORMAL","","","10"
"amaranth spa at Kimpton Maa-Lai Bangkok","spa","https://www.kimptonmaalaibangkok.com/facilities/amaranth-spa/","+66 2 056 9999","Kimpton Maa-Lai Bangkok, 78 Soi Ton Son, Lumphini, Pathum Wan, Bangkok 10330, Thailand","https://serpapi.com/search.json?engine=google_maps&google_domain=google.com&hl=en&place_id=ChIJtwy9sKuf4jARbr7ARpbSAsI","4.9","412","NORMAL","","","10"
"BHU MHAI ONE BANGKOK: Spa & Massage : Lumpini , Pathumwan","spa","http://www.bhumhai.com/","+66 65 968 2555","Witthayu Rd, Lumphini, Pathum Wan, Bangkok 10600, Thailand","https://serpapi.com/search.json?engine=google_maps&google_domain=google.com&hl=en&place_id=ChIJ_z-IQ8Sf4jARNKm59BKrsH4","5","34","NORMAL","","","8"
"Makkha Health & Spa Bangkok (BTS Asok)","spa","https://www.makkhahealthandspa.com/","+66 65 365 3650","425 Sukhumvit Rd, Khwaeng Khlong Toei Nuea, Watthana, Bangkok 10110, Thailand","https://serpapi.com/search.json?engine=google_maps&google_domain=google.com&hl=en&place_id=ChIJ0W_1_ZCf4jAR4SVPkx1VBwg","4.8","2543","NORMAL","","","10"
"Heavena Wellness & Spa (Ramada plaza riverside hotel) - Massage, Thai Massage, Spa, นวด, นวดไทย, สปา, 按摩, 마사지","spa","https://heavenawellness.com/","+66 96 242 8299","3rd Floor, Ramada Plaza Menam Riverside Hotel, 2074 ถ. เจริญกรุง, Wat Phraya Krai, Bang Kho Laem, Bangkok 10120, Thailand","https://serpapi.com/search.json?engine=google_maps&google_domain=google.com&hl=en&place_id=ChIJxSxbxyOZ4jARjB050TcHXwk","5","740","NORMAL","","","10"
"Le Spa at Pullman Bangkok King Power","spa","http://www.pullmanbangkokkingpower.com/spa-and-fitness/spa-in-bangkok/","+66 2 680 9999","8, 2 Rang Nam Alley, Thanon Phaya Thai, Ratchathewi, Bangkok 10400, Thailand","https://serpapi.com/search.json?engine=google_maps&google_domain=google.com&hl=en&place_id=ChIJy-VEGc2e4jARJ2SWpKpsE5o","4.9","213","NORMAL","","","8"
"Makkha Health & Spa Bangkok (Sukhumvit 33)","spa","https://www.makkhahealthandspa.com/?utm_source=mamgbp&utm_medium=gbp&utm_campaign=sukhumvit33","+66 92 646 4958","7/7 Sukhumvit 33 Alley, Khlong Tan Nuea, Watthana, Bangkok 10110, Thailand","https://serpapi.com/search.json?engine=google_maps&google_domain=google.com&hl=en&place_id=ChIJMxlRybOf4jARmeseMKYhVL8","4.8","1575","NORMAL","","","10"
"Breeze Spa at Amari Bangkok","spa","https://www.breeze-spa.com/amari-bangkok/?utm_source=google&utm_medium=gmb&utm_campaign=awb","+66 2 653 9000","847 Petchburi Road,, Phaya Thai, Ratchathewi, Bangkok 10400, Thailand","https://serpapi.com/search.json?engine=google_maps&google_domain=google.com&hl=en&place_id=ChIJSb1gUs-e4jARoO6upKBmrZg","4.6","79","NORMAL","","","10"
"Watchara MuayThai Gym","muay thai gym","http://www.watcharagym.com/","+66 81 874 5566","9 Sukhumvit 1 Alley, Khlong Toei Nuea, Watthana, Bangkok 10110, Thailand","https://serpapi.com/search.json?engine=google_maps&google_domain=google.com&hl=en&place_id=ChIJ_3r5Qd2e4jAREbauYzb3nmw","4.8","314","NORMAL","","","8"
"Krudam Muay Thai School","muay thai gym","https://krudamgym.com/classes/","+66 84 108 6652","67 Sukhumvit Rd, Phra Khanong, Khlong Toei, Bangkok 10110, Thailand","https://serpapi.com/search.json?engine=google_maps&google_domain=google.com&hl=en&place_id=ChIJvwfOfAGf4jARzPu8QtMZs_c","4.8","262","HIGH","","",""
"Muay Thai Academy M.T.A","muay thai gym","https://www.muaythaiacademymta.com/","+66 90 983 6459","Rama 4, Thang Rotfai Sai Kao Pak Nam Rd, Sai Kao Pak Nam Rd, Bangkok 10110, Thailand","https://serpapi.com/search.json?engine=google_maps&google_domain=google.com&hl=en&place_id=ChIJZf8uOg6f4jARxs9GuOUiBpk","4.9","62","NORMAL","","","9"
"Bangkok Fight Lab - Jiu-Jitsu MMA & Muay Thai","muay thai gym","http://www.bangkokfightlab.com/","+66 2 013 1087","137 Sukhumvit 50 Aly, Khlong Toei, Bangkok 102600, Thailand","https://serpapi.com/search.json?engine=google_maps&google_domain=google.com&hl=en&place_id=ChIJo61msgqf4jARM6SugkWeVdM","4.7","271","NORMAL","","","8"
"Elite Fight Club","muay thai gym","http://www.elitefightclub.com/","+66 2 661 3546","758/22 วอเตอร์ไดมอนด์ ทาวเวอร์, Sukhumvit 30/1 Alley, Khlong Tan, Khlong Toei, Bangkok 10110, Thailand","https://serpapi.com/search.json?engine=google_maps&google_domain=google.com&hl=en&place_id=ChIJk6zBNwef4jARCQ5MmV1odd0","4.7","218","NORMAL","","","8"
"WIT Muaythai Gym","muay thai gym","https://witmuaythai.com/","+66 62 409 8657","2nd FL, 39-41 Sukhumvit 39, Khlong Tan Nuea, Watthana, Bangkok 10110, Thailand","https://serpapi.com/search.json?engine=google_maps&google_domain=google.com&hl=en&place_id=ChIJNXxhKwCf4jARLRTtgXb_1oI","5","144","NORMAL","","","10"
"Khongsittha Muay Thai (คงสิทธา)","muay thai gym","http://www.kstmuaythai.com/","+66 2 932 9911","23 Sukhonthasawat Rd, Khwaeng Lat Phrao, Khet Lat Phrao, Krung Thep Maha Nakhon 10230, Thailand","https://serpapi.com/search.json?engine=google_maps&google_domain=google.com&hl=en&place_id=ChIJL0YWsoKd4jARLpst8aK8XJQ","4.9","349","NORMAL","","","8"
"FUSE GYM Kickboxing & Muay Thai","muay thai gym","https://www.instagram.com/fusegym.bkk","","145 Building 3, 3rd Floor, Room No. RQ.3 302, Soi Sukhumvit 49 (Central), Khlong Tan Nuea Subdistrict, Watthana, Bangkok 10110, Thailand","https://serpapi.com/search.json?engine=google_maps&google_domain=google.com&hl=en&place_id=ChIJRdHRd4yf4jARGrXQDO97I0o","5","59","NORMAL","","","9"
"RSM Rajadamnern Singha Muay Thai Academy","muay thai gym","https://www.facebook.com/RsmAcademy/?ref=bookmarks","+66 2 661 6292","Jasmine City (2nd Floor) Klongtoey Nua, Wattana,, 23 Sukhumvit Rd, Khlong Tan Nuea, Watthana, Bangkok 10110, Thailand","https://serpapi.com/search.json?engine=google_maps&google_domain=google.com&hl=en&place_id=ChIJEY860eKe4jARhHG9oQ8UEho","4.4","71","NORMAL","","","10"
"Project H Muay-Thai Gym (Samyan Mitrtown)","muay thai gym","https://www.metahgym.com/","+66 63 916 6356","944/1 ห้องเลขที่ 3, ยู019-3ยู021, ชั้นที่3, Wang Mai, Pathum Wan, Bangkok 10330, Thailand","https://serpapi.com/search.json?engine=google_maps&google_domain=google.com&hl=en&place_id=ChIJ9T392jmZ4jARuqv-kdSwUVs","5","246","NORMAL","","","9"
"PK. Saenchai Muay Thai Gym","muay thai gym","https://www.facebook.com/P.K.Saenchaimuaythaigym/","+66 62 525 6591","3713, 31 ซอยตรอกนอกเขต, Bang Khlo, Bang Kho Laem, Bangkok 10120, Thailand","https://serpapi.com/search.json?engine=google_maps&google_domain=google.com&hl=en&place_id=ChIJEdZs0K6Y4jAReYL3TF5jZgY","4.8","245","NORMAL","","","10"
"Yokkao Training Center Bangkok & Store","muay thai gym","http://www.yokkao.com/pages/bangkok","+66 92 829 7688","190, 190/1 Soi Sukhumvit 16, Khlong Toei, Bangkok 10110, Thailand","https://serpapi.com/search.json?engine=google_maps&google_domain=google.com&hl=en&place_id=ChIJY3QAYhyf4jARQlQC-j46aTI","4.6","372","NORMAL","","","7"
"Thonglor Muay Thai","muay thai gym","https://www.facebook.com/profile.php?id=100066941726021&mibextid=LQQJ4d","+66 94 495 5576","416, 19 Thong Lo 14 Alley, Khlong Tan Nuea, Watthana, Bangkok 10110, Thailand","https://serpapi.com/search.json?engine=google_maps&google_domain=google.com&hl=en&place_id=ChIJob1Qqd6f4jARA1SIra14044","4.8","229","NORMAL","","","10"
"Master Toddy Muay Thai","muay thai gym","http://mastertoddy.com/","+66 84 499 8994","Subdistrict, 55, Bearing District 103-109, Sukhumvit 107 Road Sam Rong Nua, Bangkok, Samut Prakan 10270, Thailand","https://serpapi.com/search.json?engine=google_maps&google_domain=google.com&hl=en&place_id=ChIJaTdaG3Gg4jARdkcN0cz9huA","4.6","115","NORMAL","","","7"
"Petchyindee Kingdom","muay thai gym","https://www.facebook.com/share/gdsoQZHWUFyAy796/?mibextid=LQQJ4d","+66 96 786 6642","36/36 Charan Sanitwong 34 Alley, Arun Amarin, Bangkok Noi, Bangkok 10700, Thailand","https://serpapi.com/search.json?engine=google_maps&google_domain=google.com&hl=en&place_id=ChIJY8tjZJyZ4jARtIqRxU0jYH0","4.7","60","NORMAL","","","10"
"Sangmorakot Muay Thai Academy","muay thai gym","https://www.facebook.com/profile.php?id=100031943452947&mibextid=LQQJ4d","+66 98 962 4615","21 Damrong Rak Rd, Khlong Maha Nak, Pom Prap Sattru Phai, Bangkok 10100, Thailand","https://serpapi.com/search.json?engine=google_maps&google_domain=google.com&hl=en&place_id=ChIJsX2OAD-Z4jARH_GAahfyonY","4.5","106","NORMAL","","","10"
"หมัดเด็ดมวยไทยยิม MATDET Muay Thai Gym","muay thai gym","https://matdetmuaythaigym.com/?utm_source=google&utm_medium=gbp&utm_campaign=local-search","+66 2 003 2267","B Pro Bangna, 63 Soi Bang Na-Trat 23, Bang Na Nuea, Bang Na, Bangkok 10260, Thailand","https://serpapi.com/search.json?engine=google_maps&google_domain=google.com&hl=en&place_id=ChIJAx3WL-9fHTERFQ4T-3KMzbM","4.9","430","NORMAL","","","10"
"Chuwattana gym","muay thai gym","https://www.facebook.com/pages/Chuwattana-Muay-Thai-Gym/152488104818774","+66 2 224 5067","10100, 258/5 Maha Chak Rd, Pom Prap, Pom Prap Sattru Phai, Bangkok 10100, Thailand","https://serpapi.com/search.json?engine=google_maps&google_domain=google.com&hl=en&place_id=ChIJYRF9siKZ4jARfJywh10QQ7Q","4.8","69","NORMAL","","","9"
"Rachanon Boxing Muay Thai Training Camp ค่ายมวย ราชานนท์","muay thai gym","https://www.facebook.com/rachanonmuaythaitrainingcamp","+66 82 659 1718","Permsin Soi16, Phahonyothin 54/1, Klongthanon, Sai Mai, Bangkok 10220, Thailand","https://serpapi.com/search.json?engine=google_maps&google_domain=google.com&hl=en&place_id=ChIJ_zOQCWJ9HTERdVfzjRkz6Ls","4.9","21","NORMAL","","","10"
"Rajadamnern Muay Thai Stadium","muay thai gym","https://www.rajadamnern.com/","+66 2 281 4205","8 Ratchadamnoen Nok Rd, เเขวง วัดโสมนัส, Pom Prap Sattru Phai, Bangkok 10100, Thailand","https://serpapi.com/search.json?engine=google_maps&google_domain=google.com&hl=en&place_id=ChIJEyraT0CZ4jAREz5xKJKTLDM","4.8","8173","NORMAL","","","9"
"Yogatique Bangkok","yoga studio","https://yogatique.punchpass.com/calendar?date=2026-04-22&embed=true#month","+66 90 321 3136","116/8 Soi Sukhumvit 23, Khlong Toei Nuea, Watthana, Bangkok 10110, Thailand","https://serpapi.com/search.json?engine=google_maps&google_domain=google.com&hl=en&place_id=ChIJxyLlnPye4jAR9E4bwK6NnNI","4.8","137","NORMAL","","","9"
"The Green Room Yoga","yoga studio","http://www.thegreenroomyoga.com/","+66 2 544 0022","29 Sukhumvit 31, Khlong Toei Nuea, Klongtoey, Bangkok 10110, Thailand","https://serpapi.com/search.json?engine=google_maps&google_domain=google.com&hl=en&place_id=ChIJGyMhccCf4jAR1kcETt3wRJg","4.9","282","NORMAL","","","7"
"YogaSutra Studio","yoga studio","http://www.yogasutrathai.com/","+66 94 635 9494","70/100 North Sathorn Rd., Fl 32 Sathorn Nakhon Tower Bldg, Si Lom, Bang Rak, Bangkok 10500, Thailand","https://serpapi.com/search.json?engine=google_maps&google_domain=google.com&hl=en&place_id=ChIJpy4xujKf4jARk4SXQgGfmpk","4.7","78","NORMAL","","","8"
"Isora Wellness","yoga studio","http://www.isorawellness.com/","+66 81 061 7992","3rd floor of Sathorn Boutique Spa & Wellness, 199/1 Sathon Soi 12 Alley, Si Lom, Bang Rak, Bangkok 10500, Thailand","https://serpapi.com/search.json?engine=google_maps&google_domain=google.com&hl=en&place_id=ChIJWxnYcxmZ4jARSB_QWARGrjY","4.9","159","NORMAL","","","8"
"Embrace Energy Yoga School Thailand","yoga studio","http://yogaschoolthailand.com/","+66 89 788 2339","942/9 Rama IV Rd, Khwaeng Suriya Wong, Bang Rak, Bangkok 10500, Thailand","https://serpapi.com/search.json?engine=google_maps&google_domain=google.com&hl=en&place_id=ChIJ1QCdwCuf4jARjw5i_fthyYg","5","107","NORMAL","","","7"
"Happy Puppy Yoga Bangkok","yoga studio","http://megatix.in.th/events/happy-puppy-yoga-bkk","+66 66 089 0838","SC Mansion, 90 Pridi Banomyong 31 Alley, Khlong Tan Nuea, Watthana, Bangkok 10110, Thailand","https://serpapi.com/search.json?engine=google_maps&google_domain=google.com&hl=en&place_id=ChIJ-U6Vf92f4jARfSBVLJj8e_4","5","30","NORMAL","","","7"
"roots8 Yoga","yoga studio","http://www.roots8yoga.com/","+66 97 232 2678","Phipat Sathorn Corner Building, 46 Si Lom Rd, Si Lom, Bang Rak, Bangkok 10500, Thailand","https://serpapi.com/search.json?engine=google_maps&google_domain=google.com&hl=en&place_id=ChIJ90Q3YC2f4jARXbvBKnLekLE","5","39","NORMAL","","","7"
"The Yoga Shala Bangkok","yoga studio","http://yogashalabkk.com/","","9, 3 Soi Phrom Pak, Khlong Tan Nuea, Watthana, Bangkok 10110, Thailand","https://serpapi.com/search.json?engine=google_maps&google_domain=google.com&hl=en&place_id=ChIJq-iwmDaf4jARu_DyfdKifOY","5","52","NORMAL","","","8"
"Kriyoga Infinite Sukhumvit Soi 11","yoga studio","http://www.kriyogainfinite.com/","+66 93 746 6328","171 Sukhumvit 11 Aly, Khlong Toei Nuea, Watthana, Bangkok 10110, Thailand","https://serpapi.com/search.json?engine=google_maps&google_domain=google.com&hl=en&place_id=ChIJsz5d6--e4jART2PuUbAlnl4","4.7","22","NORMAL","","","7"
"Lotus Wellness","yoga studio","https://lotuswellnessbangkok.com/","+66 82 283 3442","House 30, PITAK COURT, 43 Soi Atthakan Prasit, Thung Maha Mek, Sathon, Bangkok 10120, Thailand","https://serpapi.com/search.json?engine=google_maps&google_domain=google.com&hl=en&place_id=ChIJlbl-dqmf4jAR3CwW7lW9AHc","4.8","109","NORMAL","","","9"
"Bangkok Yoga","yoga studio","http://www.bangkokyoga.com/","+66 2 634 4200","Suriya Wong, Bang Rak, Bangkok 10500, Thailand","https://serpapi.com/search.json?engine=google_maps&google_domain=google.com&hl=en&place_id=ChIJq6KM2gmZ4jAR9a5DavvAlXA","5","110","NORMAL","","","5"
"One Yoga Bangkok","yoga studio","https://oneyogabangkok.com/","+66 90 269 7692","712/1 Sukhumvit Rd, Khlong Tan, Khlong Toei, Bangkok 10110, Thailand","https://serpapi.com/search.json?engine=google_maps&google_domain=google.com&hl=en&place_id=ChIJq6UNYEWf4jARU90B-YJjeFs","5","119","NORMAL","","","10"
"Yogasana Room","yoga studio","https://www.yogasanaroom.com/?utm_source=google&utm_medium=wix_google_business_profile&utm_campaign=7828177632417653673","+66 86 863 9803","House No 1, Phatthana Wet Soi 1, Soi Pridi Banomyong 26, Khlong Tan Nuea, Watthana, Bangkok 10110, Thailand","https://serpapi.com/search.json?engine=google_maps&google_domain=google.com&hl=en&place_id=ChIJP6ocLf6f4jARVjsLa9wnnVQ","5","43","NORMAL","","","9"
"Prem & Yoga - Ayurveda Center","yoga studio","http://www.premyogaayurveda.com/","+66 85 019 6143","59, 31 Sukhumvit 26, Khlong Tan, Khlong Toei, Bangkok 10110, Thailand","https://serpapi.com/search.json?engine=google_maps&google_domain=google.com&hl=en&place_id=ChIJdZ-_Bwef4jARryFbP5bShFU","4.8","55","NORMAL","","","7"
"Yogania Yoga Studio","yoga studio","http://yoganiastudio.com/","","112/2 Sukhumvit 53 Alley, Khwaeng Khlong Tan Nuea, Watthana, Bangkok 10110, Thailand","https://serpapi.com/search.json?engine=google_maps&google_domain=google.com&hl=en&place_id=ChIJBVa4PKOf4jARFwtjujSCBpI","4.8","42","NORMAL","","","6"
"Star Pilates Bangkok","yoga studio","http://starpilatesbangkok.com/","+66 62 537 3698","166, Charn Issara tower, 942 Rama IV Rd, Si Lom, Bang Rak, Bangkok 10500, Thailand","https://serpapi.com/search.json?engine=google_maps&google_domain=google.com&hl=en&place_id=ChIJL1TV5Suf4jARJjLSgyssym0","4.5","51","NORMAL","","","8"
"Raj house of yoga","yoga studio","https://www.facebook.com/Rajhouseofyoga","","8th Floor The Sacha Apart Hotel Thonglor, Sukhumvit Bangkok, 67 Sukhumvit 38 Alley, Khlong Tan, Khlong Toei, Bangkok 10110, Thailand","https://serpapi.com/search.json?engine=google_maps&google_domain=google.com&hl=en&place_id=ChIJF-wdpJCf4jARi6JT9n_CKl0","5","46","NORMAL","","","10"
"AYBKK","yoga studio","http://aybkk.com/","+66 84 224 4246","545 S 31 Sukhumvit Hotel ถนน สุขุมวิท 31, Khlong Toei Nuea, Watthana, Bangkok 10110, Thailand","https://serpapi.com/search.json?engine=google_maps&google_domain=google.com&hl=en&place_id=ChIJOWhLf_2e4jARi25S9GpEmWk","4","20","NORMAL","","","7"
"Yoga & Me อารีย์ (ตึกไอบีเอ็ม)","yoga studio","https://www.yogaandme.net/","+66 96 707 8118","S.P. Tower, Phahonyothin Rd, Samsen Nai, Phaya Thai, Bangkok 10400, Thailand","https://serpapi.com/search.json?engine=google_maps&google_domain=google.com&hl=en&place_id=ChIJbeVAvQed4jARGOn5tGhcmsg","4.9","91","NORMAL","","","9"
"KIND GARDEN BANGKOK","yoga studio","https://kindgardenbangkok.com/","+66 92 970 8106","3rd Floor, The Emporium, FRIEND FRIEND, 622 Sukhumvit Rd, Khlong Tan, Khlong Toei, Bangkok 10110, Thailand","https://serpapi.com/search.json?engine=google_maps&google_domain=google.com&hl=en&place_id=ChIJEUsSfGyf4jAR3BsPfFZ2Ptw","5","30","NORMAL","","","10"
"V Square Clinic Gateway เอกมัย","aesthetic clinic","https://www.vsquareclinic.com/branch/ekamai","+66 99 005 9000","เลขที่ 2105 ชั้น2, Gateway Ekamai, 982/22 Sukhumvit Rd, พระโขนง, Khlong Toei, Bangkok 10110, Thailand","https://serpapi.com/search.json?engine=google_maps&google_domain=google.com&hl=en&place_id=ChIJabTbL6Wf4jARC0xu59DTgOM","5","1105","NORMAL","","","10"
"Metro Beauty Centers Co., Ltd. (The Metro Clinic)","aesthetic clinic","https://www.metrobeautycenters.com/","+66 83 189 8931","PARK VENTURES ECOPLEX, Level 2, 57 Witthayu Rd, Lumphini, Pathum Wan, Bangkok 10330, Thailand","https://serpapi.com/search.json?engine=google_maps&google_domain=google.com&hl=en&place_id=ChIJUTfAlpif4jARwHwu3H2zjXY","5","269","NORMAL","","","10"
"Bangkok Aesthetics Clinic","aesthetic clinic","http://www.bacclinic.info/acnescar.html","+66 2 003 3365","Sixteen Place, 180 Soi Sukhumvit 16, Khlong Toei, Bangkok 10110, Thailand","https://serpapi.com/search.json?engine=google_maps&google_domain=google.com&hl=en&place_id=ChIJo6wKkEWf4jARfBbwOvr8wCs","4.8","80","NORMAL","","","8"
"Adora Aesthetic Clinic","aesthetic clinic","https://www.adoraclinic.info/","+66 80 888 2656","35 Wannasorn building, floor 5th, unit 502, Phaya Thai Rd, Thanon Phaya Thai, Ratchathewi, Bangkok 10400, Thailand","https://serpapi.com/search.json?engine=google_maps&google_domain=google.com&hl=en&place_id=ChIJbcdLCa2f4jARW--Yf6z47cQ","5","494","NORMAL","","","8"
"The Astell Clinic","aesthetic clinic","","+66 92 747 8885","162 บ้านยศสุนทร, 5 Sukhumvit 20 Alley, Khlong Toei, เขต คลองด, Bangkok 10110, Thailand","https://serpapi.com/search.json?engine=google_maps&google_domain=google.com&hl=en&place_id=ChIJjQvg5kOf4jARHKf19nNnlmA","4.9","364","HIGH","","",""
"ISS Aesthetic & Wellness","aesthetic clinic","http://www.issbangkok.com/","+66 88 044 8800","6th Floor Unit, MS 1015, 388 Rama I Rd, Khwaeng Pathum Wan, Pathum Wan, Bangkok 10330, Thailand","https://serpapi.com/search.json?engine=google_maps&google_domain=google.com&hl=en&place_id=ChIJpWo3F_yf4jAR1-qu3Ejsev4","4.9","350","NORMAL","","","7"
"V Square Clinic Emquatier","aesthetic clinic","https://www.vsquareclinic.com/branch/emquartier/","+66 81 712 5000","599/8 อาคารพาณิชย์ ซอยสุขุมวิท 35 ตรงเข้ามา 20 เมตร อยู่ซ้ายมือ, Sukhumvit Rd, Khlong Tan Nuea, Watthana, Bangkok 10110, Thailand","https://serpapi.com/search.json?engine=google_maps&google_domain=google.com&hl=en&place_id=ChIJp1ePdyaf4jARbyUjwlwOmXM","5","554","NORMAL","","","10"
"Aura Bangkok Clinic Sathon","aesthetic clinic","http://aurabangkokclinic.com/","+66 2 026 5681","100/35 ชั้น 21 ตึกสาธรนครทาวเวอร์, N Sathon Rd, สีลม, Bang Rak, Bangkok 10500, Thailand","https://serpapi.com/search.json?engine=google_maps&google_domain=google.com&hl=en&place_id=ChIJBUW6wd-f4jAROnryhZGglNU","5","3516","NORMAL","","","8"
"de mist Aesthetics","aesthetic clinic","","+66 95 519 0555","2nd floor, Siam Commercial Bank Sindhorn Building, 130-132 Witthayu Rd, Lumphini, Pathum Wan, Bangkok 10330, Thailand","https://serpapi.com/search.json?engine=google_maps&google_domain=google.com&hl=en&place_id=ChIJaejStCyZ4jARwrHyrXyOBGE","5","95","HIGH","","",""
"Acellence Clinic","aesthetic clinic","http://www.acellenceclinic.com/","+66 84 694 1715","208 wireless road building, Withayu road, Lumpini, Pathumwan, ลุมพินี, ปทุมวัน, Bangkok 10330, Thailand","https://serpapi.com/search.json?engine=google_maps&google_domain=google.com&hl=en&place_id=ChIJeWT4e9ye4jARydxfAZ5vzfs","4.8","85","NORMAL","","","6"
"Dii Aesthetic Clinic Siam Paragon","aesthetic clinic","","+66 92 929 5755","ห้องเลขที่ 460- 461 Bright Space Zone Lift South Wings, 991 Siam Paragon, Pathum Wan, Bangkok 10330, Thailand","https://serpapi.com/search.json?engine=google_maps&google_domain=google.com&hl=en&place_id=ChIJkSGi_def4jARJZdoAdVPf_M","4.9","233","HIGH","","",""
"KKC Clinic Siam Paragon","aesthetic clinic","https://kkcclinic.com/en/locations/siam-paragon/","+66 2 610 9749","Floor 4 Siam Paragon, 991 Rama I Rd, Khwaeng Pathum Wan, Pathum Wan, Bangkok 10330, Thailand","https://serpapi.com/search.json?engine=google_maps&google_domain=google.com&hl=en&place_id=ChIJK4TzkQKf4jARhC9q2mQybnM","4.9","853","NORMAL","","","10"
"Muse Clinic","aesthetic clinic","https://www.facebook.com/hellomuseclinic","+66 82 292 6362","ชั้น 2 อาคาร SIAMSCAPE, Wang Mai, Pathum Wan, Bangkok 10330, Thailand","https://serpapi.com/search.json?engine=google_maps&google_domain=google.com&hl=en&place_id=ChIJr7a4AcSZ4jARtOZPY89_NJc","4.9","589","NORMAL","","","10"
"Nirunda Clinic","aesthetic clinic","https://nirundaclinic.com/","+66 89 626 1965","93, The Emporio Place, 336 Sukhumvit 24 Alley, Khlong Tan Nuea, Khlong Toei, Bangkok 10110, Thailand","https://serpapi.com/search.json?engine=google_maps&google_domain=google.com&hl=en&place_id=ChIJ798cowWf4jARXwo1V3FJM0o","4.3","61","NORMAL","","","10"
"Aesta Clinic - เอสต้า คลินิก สาขาเพลินจิต","aesthetic clinic","https://www.instagram.com/aestaclinic/","+66 92 643 4945","Floor 1, Ploenchit Center, 2 Sukhumvit Rd, Khlong Toei, Bangkok 10110, Thailand","https://serpapi.com/search.json?engine=google_maps&google_domain=google.com&hl=en&place_id=ChIJw5Zt6Huf4jAR4qGb44p5Ufk","4.9","83","NORMAL","","","9"
"BSL Clinic","aesthetic clinic","https://bslclinic.co.th/","+66 99 343 8666","30, 8 Sala Daeng Rd, Si Lom, Bang Rak, Bangkok 10500, Thailand","https://serpapi.com/search.json?engine=google_maps&google_domain=google.com&hl=en&place_id=ChIJZ3k_sC6f4jART4usXJZo55Y","4.9","1617","NORMAL","","","10"
"The Face Aesthetic Clinic - Gaysorn Tower","aesthetic clinic","http://www.thefaceaesthetic.com/","+66 62 919 5923","127 ถ. ราชประสงค์, Lumphini, Pathum Wan, Bangkok 10330, Thailand","https://serpapi.com/search.json?engine=google_maps&google_domain=google.com&hl=en&place_id=ChIJmd6nKkif4jARF0fbB5Y5pDw","5","13","NORMAL","","","error"
"Dahlia Clinic (แดเลียคลินิกเวชกรรม) สาขาอโศก","aesthetic clinic","","+66 88 264 4692","Interchange 21 Building, ชั้น UL อาคารอินเตอร์เชนต์ 21, เลขที่ 399 Sukhumvit Rd, Khlong Tan Nuea, Watthana, Bangkok 10110, Thailand","https://serpapi.com/search.json?engine=google_maps&google_domain=google.com&hl=en&place_id=ChIJ15Owdoyf4jARFCPAP3yGNs8","4.9","163","HIGH","","",""
"BSL Clinic Sukhumvit ( Bangkok Skin and Laser Treatment )","aesthetic clinic","https://www.bangkokaestheticclinic.com/","+66 99 343 8666","Room 114 G Floor Times Square Building, 246 Sukhumvit Rd, Kong Tan Kong Toei, Bangkok 10110, Thailand","https://serpapi.com/search.json?engine=google_maps&google_domain=google.com&hl=en&place_id=ChIJQ6OsMjif4jARAC0twaeQMqY","4.9","919","NORMAL","","","10"
"ดีไอไอ เอสเธทิค","aesthetic clinic","http://dii.co.th/","+66 2 258 3642","ตึกเอกเชน, 388 ชั้น2, 21 Sukhumvit 21 Rd, คลองเตย Khlong Toei, Bangkok 10110, Thailand","https://serpapi.com/search.json?engine=google_maps&google_domain=google.com&hl=en&place_id=ChIJ0SWG5uKe4jARrtms0zqrcJI","4.7","159","NORMAL","","","error"
"Stay Studio Thong Lor","photography studio","https://linktr.ee/staystudio","+66 65 123 5413","764, 10 Sukhumvit Rd, Khlong Tan, Khlong Toei, Bangkok 10110, Thailand","https://serpapi.com/search.json?engine=google_maps&google_domain=google.com&hl=en&place_id=ChIJu3p9hSuf4jAREHx8v2rRcMw","5","437","NORMAL","","","10"
"Gap Photography - Bangkok Photographer Sukhumvit","photography studio","http://www.gap-photography.com/","+66 88 140 6666","119 Sukhumvit 36, Khwaeng Khlong Tan, Khet Khlong Toei, Bangkok 10110, Thailand","https://serpapi.com/search.json?engine=google_maps&google_domain=google.com&hl=en&place_id=ChIJkzuLTM2f4jAR25v-lAl6Uts","5","80","NORMAL","","","7"
"Fame Lights Photo Studio (by appointment only)","photography studio","http://www.famelights.com/","+66 81 855 0254","1, 6 Sukhumvit 67 Alley, Phra Khanong Nuea, Watthana, Bangkok 10110, Thailand","https://serpapi.com/search.json?engine=google_maps&google_domain=google.com&hl=en&place_id=ChIJlwvnr6qf4jAR_paBfHUcflg","4.9","120","NORMAL","","","6"
"6 Corners Studio | Bangkok Product Photographer","photography studio","https://6corners.net/","+66 88 080 5010","14, 43/2 Wachiratham Sathit 60 Alley, Bang Chak, Phra Khanong, Bangkok 10260, Thailand","https://serpapi.com/search.json?engine=google_maps&google_domain=google.com&hl=en&place_id=ChIJHT-3Bv-f4jARQRFPNlFFuKg","4.9","21","NORMAL","","","10"
"Stay Studio Sukhumvit 39","photography studio","http://www.staylifestyle.com/service","+66 65 123 5413","36 Soi Prommitr, Khlong Tan Nuea, Watthana, Bangkok 10110, Thailand","https://serpapi.com/search.json?engine=google_maps&google_domain=google.com&hl=en&place_id=ChIJXd8nVaaf4jARWf_HNAkUKgY","5","398","NORMAL","","","8"
"Josh Sullivan Photography","photography studio","https://joshsullivan.co/","+66 87 493 3566","5 Sailom Condominium, Samsen Nai, Phaya Thai, Bangkok 10400, Thailand","https://serpapi.com/search.json?engine=google_maps&google_domain=google.com&hl=en&place_id=ChIJq6o6mh6c4jARfFIBte9uzkQ","5","41","NORMAL","","","10"
"Photolista studio","photography studio","http://photolistastudio.com/","+66 88 924 4595","3/7,8 9 ชั้น3, Sukhumvit 24 Alley, Khlong Tan, Khlong Toei, Bangkok 10110, Thailand","https://serpapi.com/search.json?engine=google_maps&google_domain=google.com&hl=en&place_id=ChIJk6xOewGf4jARmNPjFBeLpkM","4.4","141","NORMAL","","","8"
"Cinnamon Studio & Cafe","photography studio","http://www.cinnamon-studio.net/","+66 61 174 1681","2/19 Charoen Krung 78 Alley, Bang Kho Laem, Bangkok 10120, Thailand","https://serpapi.com/search.json?engine=google_maps&google_domain=google.com&hl=en&place_id=ChIJLcI0veOZ4jAR5CaWj1iWcaU","4.7","86","NORMAL","","","8"
"PRAN Studio","photography studio","","+66 62 294 6932","19 Attha Kawi 1 Alley, Khlong Tan, Khlong Toei, Bangkok 10110, Thailand","https://serpapi.com/search.json?engine=google_maps&google_domain=google.com&hl=en&place_id=ChIJDZhKZN2f4jARTruNKnaQzIs","4.9","61","HIGH","","",""
"New York Studio นิวยอร์ก สตูดิโอ","photography studio","http://www.newyorkstudiobkk.com/","+66 97 009 0999","649, 651 Rama III Rd, Bangpongpang, Yan Nawa, Bangkok 10120, Thailand","https://serpapi.com/search.json?engine=google_maps&google_domain=google.com&hl=en&place_id=ChIJt-PV7Pqh4jARU3qp1RjNJa0","5","51","NORMAL","","","8"
"Studio I'AM : รับถ่ายภาพสัตว์เลี้ยง : Photography service : บริการสตูดิโอสำหรับงานEvent : pet photography : สตูดิโอถ่ายภาพ","photography studio","","+66 88 545 3251","1111, 25-26 Ban Klang Muang Ratchada, Ladprao, Khet Chatuchak, Bangkok 10900, Thailand","https://serpapi.com/search.json?engine=google_maps&google_domain=google.com&hl=en&place_id=ChIJU9r95UOd4jAR6wtzpEeQT14","5","1574","HIGH","","",""
"studioroom bangkok","photography studio","http://www.baanbystudioroom.com/","+66 97 162 4650","338 Thammasarot Alley, Thanon Phetchaburi, Ratchathewi, Bangkok 10400, Thailand","https://serpapi.com/search.json?engine=google_maps&google_domain=google.com&hl=en&place_id=ChIJHXdXwfef4jARthmIwdRWoMs","4.6","43","NORMAL","","","8"
"LUKFOTO - Bangkok Photographer","photography studio","https://lukfoto.com/?utm_source=google-maps&utm_medium=local&utm_campaign=local-visibility","","Rama I Rd, Khwaeng Pathum Wan, Pathum Wan, Bangkok 10330, Thailand","https://serpapi.com/search.json?engine=google_maps&google_domain=google.com&hl=en&place_id=ChIJpZloGGiZ4jARyz9_wGpvR7Q","5","147","NORMAL","","","10"
"Photomics","photography studio","","+66 2 286 9771","หน้าโรงเรียนอัสสัมชัญประถม, 103 ซอย สาทร 11, Yan Nawa, Sathon, Bangkok 10120, Thailand","https://serpapi.com/search.json?engine=google_maps&google_domain=google.com&hl=en&place_id=ChIJf2ikcsuY4jARvWYBJ_Y_lkg","4.9","545","HIGH","","",""
"Linked U Studio (สาขา สามย่านมิตรทาวน์ ชั้น 1)","photography studio","https://www.linked-u.com/","+66 91 919 9000","Samyan Mitrtown, 1st Floor nearby EVEANDBOY, 944 Rama IV Rd, Wang Mai, Pathum Wan, Bangkok 10330, Thailand","https://serpapi.com/search.json?engine=google_maps&google_domain=google.com&hl=en&place_id=ChIJnf8N3K2Z4jAR89l8GW0mOrY","4.9","224","NORMAL","","","9"
"Rose Photo Studio Bangkok","photography studio","","+66 64 645 2091","394, 14 Pansuk Alley, Phra Borom Maha Ratchawang, Phra Nakhon, Bangkok 10200, Thailand","https://serpapi.com/search.json?engine=google_maps&google_domain=google.com&hl=en&place_id=ChIJFwsfOBSZ4jAR_AnyRK_3OqE","4.3","24","HIGH","","",""
"Boone.homestudio","photography studio","https://www.boonehomestudio.com/","+66 99 919 3624","61, 83 Vibhavadi Rangsit 20 Alley, Lane 3-4, Chom Phon, Chatuchak, Bangkok 10900, Thailand","https://serpapi.com/search.json?engine=google_maps&google_domain=google.com&hl=en&place_id=ChIJVa6m6DCd4jARwW2Pz1eFKLM","5","279","NORMAL","","","8"
"YAREX photography","photography studio","https://www.yarexphotography.com/","+66 84 752 1316","Morning Dew Condo, Phum Chit Alley, Prakanong, Khlong Toei, Bangkok 10110, Thailand","https://serpapi.com/search.json?engine=google_maps&google_domain=google.com&hl=en&place_id=ChIJD0FjZb6f4jARDgGDHgGFMmE","4.9","54","NORMAL","","","10"
"LPS Headshot Studio Appointment Required","photography studio","https://www.lumpiniphotostudio.com/","","1034, 8-9 Rama IV Rd, Thung Maha Mek, Sathon, Bangkok 10120, Thailand","https://serpapi.com/search.json?engine=google_maps&google_domain=google.com&hl=en&place_id=ChIJDz-5pAef4jARGHIM6agRkhA","4.8","61","NORMAL","","","9"
"HOLO+FACE Photography Studio（EMSPHERE ชั้น 1）Portrait,Artistic Portrait,Headshot,ID Photo,Pet & Family Portrait","photography studio","https://holoface.co.th/","+66 2 180 5655","10100, Thailand, Krung Thep Maha Nakhon, Khlong Toei, Bangkok, Sukhumvit Rd","https://serpapi.com/search.json?engine=google_maps&google_domain=google.com&hl=en&place_id=ChIJ1STZpB2f4jARd4sIXYT9FVE","5","189","NORMAL","","","9"
"Divine Events","wedding planner","https://www.instagram.com/thedivinevents/","+66 81 498 8919","32, 1 Wachiratham Sathit 60 Alley, Bang Chak, Phra Khanong, Bangkok 10260, Thailand","https://serpapi.com/search.json?engine=google_maps&google_domain=google.com&hl=en&place_id=ChIJDx3HRZ9hHTERGxYDj5R_Z5s","4.9","43","NORMAL","","","9"
"Keeran The Wedding Planner","wedding planner","http://www.weddingsbykeeran.com/","+66 81 618 1857","Sukhumvit 24 Alley, Khwaeng Khlong Tan, Khet Khlong Toei, Krung Thep Maha Nakhon 10110, Thailand","https://serpapi.com/search.json?engine=google_maps&google_domain=google.com&hl=en&place_id=ChIJo0pJIs-f4jARvjM3PzDqpP8","4.6","21","NORMAL","","","6"
"Urbana Weddings & Events Planners - Most trusted Wedding Event Company","wedding planner","https://www.urbanaweddings.com/","+66 87 918 5487","49, Sahai Place, Kloentoey Nua, Sukhumvit 24 Alley, Kloengtoey, Bangkok 10110, Thailand","https://serpapi.com/search.json?engine=google_maps&google_domain=google.com&hl=en&place_id=ChIJ6w_kCGif4jAR05oRhcXKpxY","4.8","50","NORMAL","","","9"
"Pink Palki","wedding planner","http://www.pinkpalki.com/","+66 81 376 3126","Thanon Sukhum Vit, Khlong Tan, Khlong Toei, Bangkok 10110, Thailand","https://serpapi.com/search.json?engine=google_maps&google_domain=google.com&hl=en&place_id=ChIJ6USnhAWf4jARd_T0BSpjJDU","5","7","NORMAL","","","8"
"Indian Wedding in Thailand by John","wedding planner","https://indianweddingthailand.com/","+66 86 767 7487","111, 2nd floor, Soi Charan Sanitwong 12, Wat Tha Phra, Bangkok Yai, Bangkok 10600, Thailand","https://serpapi.com/search.json?engine=google_maps&google_domain=google.com&hl=en&place_id=ChIJsf3hRTOZ4jARG72Gbi9AJic","4.8","24","NORMAL","","","10"
"The Event Tales","wedding planner","http://www.theeventtales.in/","+66 87 494 8664","88, Soi Phet Kasem 88, nea, Bang Khae, Bangkok 10160, Thailand","https://serpapi.com/search.json?engine=google_maps&google_domain=google.com&hl=en&place_id=ChIJ1fZmM_cIlUYRZqeMzTS98wI","4.8","44","HIGH","","",""
"Niramit Creations","wedding planner","https://www.niramitcreations.com/","+66 97 154 1741","Qiss Mall, Unit A1-G01, 3803 Rama IV Rd, Bangkok 10110, Thailand","https://serpapi.com/search.json?engine=google_maps&google_domain=google.com&hl=en&place_id=ChIJd7GQEJ6f4jARmAAZZqawItM","5","34","NORMAL","","","10"
"Harmonize all your weddings บริษัทเวดดิ้งแพลนเนอร์ และออแกไนซ์งานแต่ง","wedding planner","https://www.harmonizewedding.com/","+66 65 691 6969","16 BAngkae12 Alley, Khwaeng Bang Khae, Bangkae, Bangkok 10160, Thailand","https://serpapi.com/search.json?engine=google_maps&google_domain=google.com&hl=en&place_id=ChIJC4HuwdGX4jARJks2Udvqxmk","4.9","62","NORMAL","","","9"
"Coco Chic Wedding","wedding planner","https://www.facebook.com/cocochicwedding","+66 2 115 8500","79/336 Sathu Pradit Rd, Chong Nonsi, Yan Nawa, Bangkok 10120, Thailand","https://serpapi.com/search.json?engine=google_maps&google_domain=google.com&hl=en&place_id=ChIJiXxrdFGf4jARtpM1eLjdEIQ","4.9","427","NORMAL","","","10"
"Chic Planner Worldwide Service","wedding planner","http://www.chicplanner.com/","+66 86 322 9508","เลขที่ 15 Kanchanaphisek Rd, Bang Khae Nuea, Bang Khae, Bangkok 10160, Thailand","https://serpapi.com/search.json?engine=google_maps&google_domain=google.com&hl=en&place_id=ChIJK8oaJtS94jAR4tw2xvdZ6n0","5","5","NORMAL","","","7"
"The Wedding Bliss Thailand","wedding planner","https://www.theweddingblissthailand.com/","+66 80 588 3322","Bangjo, 38/184, Si Sunthon, Thalang District, Phuket 83110, Thailand","https://serpapi.com/search.json?engine=google_maps&google_domain=google.com&hl=en&place_id=ChIJx07JoZU5UDARUF-mc8xgy3o","4.9","101","NORMAL","","","9"
"Bangkok Wedding","wedding planner","http://www.bangkokweddingstudio.com/","+66 81 172 2992","323, 325 Rangsit-Pathum Thani 2, Tambon Prachathipat, Thanyaburi District, Pathum Thani 12130, Thailand","https://serpapi.com/search.json?engine=google_maps&google_domain=google.com&hl=en&place_id=ChIJKwNrx9iB4jARyMs9wvbW2rg","4.9","636","NORMAL","","","8"
"Event Organizers Bangkok","wedding planner","https://eventorganizersbangkok.com/","+66 64 932 3315","Sukhumvit 26 Road, 39/4 Soi Atthakrawi1 Khwang, Khlong Tan, Ket, Khlong Toei, Bangkok 10110, Thailand","https://serpapi.com/search.json?engine=google_maps&google_domain=google.com&hl=en&place_id=ChIJe3UfxBaf4jAR_wGE-Q-yJT4","4.9","19","NORMAL","","","10"
"Bangkok Celebrations","wedding planner","https://bangkokcelebrations.com/","+66 64 932 3315","39/4 Sukhumvit 26 Road, Khlong Tan, Ket, Bangkok 10110, Thailand","https://serpapi.com/search.json?engine=google_maps&google_domain=google.com&hl=en&place_id=ChIJMbSUG8Of4jARGiMmRjBvPfE","5","9","NORMAL","","","10"
"Harmony Weddings Thailand","wedding planner","https://harmonyweddingsthailand.com/","","","https://serpapi.com/search.json?engine=google_maps&google_domain=google.com&hl=en&place_id=ChIJ2731nKmY8GgR57N6X4DYaMA","5","31","NORMAL","","","10"
"Krish Events","wedding planner","","+66 81 634 0118","","https://serpapi.com/search.json?engine=google_maps&google_domain=google.com&hl=en&place_id=ChIJsTOcFZouZYkR35uDZcpVxYI","4.8","58","HIGH","","",""
"Mandala Events","wedding planner","","+66 82 982 4641","Sukhumvit Soi 18, Khwaeng Khlong Toei, Khet Khlong Toei, Bangkok 10110, Thailand","https://serpapi.com/search.json?engine=google_maps&google_domain=google.com&hl=en&place_id=ChIJj5hRJt6f4jARvGL_hM6wv2w","5","3","HIGH","","",""
"RARIN-Bangkok Riverside Venue","wedding planner","https://www.rarinbkk.com/","+66 61 946 1646","59 Rat Burana 11 Alley, Bang Pakok, Rat Burana, Bangkok 10140, Thailand","https://serpapi.com/search.json?engine=google_maps&google_domain=google.com&hl=en&place_id=ChIJB8mEar-Z4jARIba1Q78yCVY","4.7","191","NORMAL","","","8"
"JENIVA Wedding Decoration & Planner","wedding planner","http://www.jenivabkk.com/","+66 65 165 1462","71 /1 Charan Sanitwong 67 Alley, Bang Phlat, Bangkok 10700, Thailand","https://serpapi.com/search.json?engine=google_maps&google_domain=google.com&hl=en&place_id=ChIJA1QrmAKc4jARedQjOwSNLIY","5","5","NORMAL","","","7"
"Twenty Three Events (23 Events Thailand) Best Indian Event/Wedding Planner in Thailand","wedding planner","http://www.instagram.com/23EventsThailand","+66 88 554 2916","The Plant Exclusiquie, 778/109, 38 Pattanakarn Rd, Suan Luang, Bangkok 10250, Thailand","https://serpapi.com/search.json?engine=google_maps&google_domain=google.com&hl=en&place_id=ChIJd4PW9IPW5iERng7cfT8-oXI","5","5","NORMAL","","","7"
"SUN LEISUREWORLD CORPORATION CO.,LTD.","tour operator","https://sunleisureworld.com/","+66 81 583 6668","23rd Floor, Athenee Tower, 63 Witthayu Rd, Lumphini, Pathum Wan, Bangkok 10330, Thailand","https://serpapi.com/search.json?engine=google_maps&google_domain=google.com&hl=en&place_id=ChIJ3ZWEGQyY4jAR4W646g4-8LI","4.6","602","NORMAL","","","10"
"BKK Tours","tour operator","https://www.bkktours.com/","","1055, 642 Si Lom Rd, Si Lom, Bang Rak, Bangkok 10500, Thailand","https://serpapi.com/search.json?engine=google_maps&google_domain=google.com&hl=en&place_id=ChIJQRpmkgWZ4jAR6bKCU_j6xUk","4.9","112","NORMAL","","","10"
"Canary Travel Bangkok Thailand","tour operator","http://www.canarytravelthailand.com/thailand-sightseeing","+66 86 065 1263","10 Thanon Tani, Talat Yot, Phra Nakhon, Bangkok 10200, Thailand","https://serpapi.com/search.json?engine=google_maps&google_domain=google.com&hl=en&place_id=ChIJfZ7ubG2Z4jARpM-DNOwB92s","4.9","620","NORMAL","","","7"
"WanderSiam - Tour Operator","tour operator","https://www.wandersiam.com/","+66 84 974 2989","459/1 Thanon Chaokhamrop, Pom Prap, Pom Prap Sattru Phai, Bangkok 10100, Thailand","https://serpapi.com/search.json?engine=google_maps&google_domain=google.com&hl=en&place_id=ChIJ1WikIOeZ4jAR4NcAJojmygA","4.8","475","NORMAL","","","8"
"Secrets of Siam Co., Ltd.","tour operator","https://www.lessecretsdusiam.com/","+66 61 175 5032","989 Siam Piwat Tower 12A Floor office TT-13, Rama I Rd, Pathum Wan, Bangkok 10330, Thailand","https://serpapi.com/search.json?engine=google_maps&google_domain=google.com&hl=en&place_id=ChIJf9pkItCe4jARniEHAXVGdYQ","4.9","368","NORMAL","","","9"
"BangkokGuideSmile","tour operator","https://www.bangkokguidesmile.com/","+66 86 508 0268","7/44 DS House Building, Arun Amarin, Bangkok Noi, Bangkok, Thailand","https://serpapi.com/search.json?engine=google_maps&google_domain=google.com&hl=en&place_id=ChIJJRF0UXSZ4jAReMlhxgpL-3c","5","162","NORMAL","","","10"
"Discover Thailand Co Ltd","tour operator","https://discoverthailand.ai/","+66 61 010 5420","7 Soi Ratchaprarop 8, Makkasan, Ratchathewi, Bangkok 10400, Thailand","https://serpapi.com/search.json?engine=google_maps&google_domain=google.com&hl=en&place_id=ChIJFz3bTMae4jARE_f-FLjc3Po","4.9","406","NORMAL","","","10"
"Your Thai Guide","tour operator","https://yourthaiguide.com/","+66 87 528 8723","502 Phloen Chit Rd, Lumphini, Pathum Wan, Bangkok 10330, Thailand","https://serpapi.com/search.json?engine=google_maps&google_domain=google.com&hl=en&place_id=ChIJpfQkmdqe4jARuE8BZksBnf4","4.9","377","NORMAL","","","10"
"AKGo Tour","tour operator","http://www.akgotour.com/","+66 97 117 6137","999/9 Rama I Rd, Khwaeng Pathum Wan, Pathum Wan, Bangkok 10330, Thailand","https://serpapi.com/search.json?engine=google_maps&google_domain=google.com&hl=en&place_id=ChIJQz80demf4jARbEJeyLCVp7c","4.8","1139","HIGH","","",""
"Bangkokvanguards","tour operator","http://www.bangkokvanguards.com/","+66 85 833 9218","3/2 Trok Sin, Wat Bowon Niwet, Phra Nakhon, Bangkok 10200, Thailand","https://serpapi.com/search.json?engine=google_maps&google_domain=google.com&hl=en&place_id=ChIJFQ2lZvuY4jARsdz6CNT-yw0","5","220","NORMAL","","","7"
"Must Try Bangkok Tours","tour operator","https://www.must-trybangkok.com/","+66 94 948 9566","378 Somdet Chao Phraya 3 Alley, Somdet Chao Phraya, Khlong San, Bangkok 10600, Thailand","https://serpapi.com/search.json?engine=google_maps&google_domain=google.com&hl=en&place_id=ChIJQ94n7euZ4jARHxJ5pXwMYdA","4.9","149","NORMAL","","","10"
"NocNoc Travel and Tours - Bangkok tours - Private tour guide - Floating market","tour operator","https://nocnoctravelandtours.com/","+66 83 569 2656","33 Soi Saman Chan, Phra Khanong, Khlong Toei, Bangkok 10110, Thailand","https://serpapi.com/search.json?engine=google_maps&google_domain=google.com&hl=en&place_id=ChIJ3RStXnBjHTERGfTmVmr_FVg","5","87","NORMAL","","","10"
"Stray Travel Asia","tour operator","https://www.straytravel.com/tours/asia/","+64 9 526 2140","162 Soi Rambutri, Tanao Road, Talad Yod, Phranakorn District, Bangkok 10200, Thailand","https://serpapi.com/search.json?engine=google_maps&google_domain=google.com&hl=en&place_id=ChIJz_oGzRKZ4jARZyLbetOwCfg","4.7","51","NORMAL","","","10"
"Travel2Agent.com","tour operator","https://www.travel2agent.com/","+66 2 686 3464","47th Floor, Unit 4703, Empire Tower, 1 South Sathorn Road, Yannawa, 10120, Thailand","https://serpapi.com/search.json?engine=google_maps&google_domain=google.com&hl=en&place_id=ChIJEfSWo9Ce4jARmgPpCOvrFJU","4.7","238","NORMAL","","","10"
"LJ TOUR Co.Ltd","tour operator","https://www.lets-tour-bangkok.com/","+66 2 616 6007","40/83 Sailom home office, Soi Intramara 8 , Suthisan rd,, Samesean nai, Bangkok 10400, Thailand","https://serpapi.com/search.json?engine=google_maps&google_domain=google.com&hl=en&place_id=ChIJq-UTzCOc4jARvXT8H24ZDXw","4.9","77","NORMAL","","","error"
"Magical Trip Bangkok","tour operator","https://www.magical-trip.com/tours-thailand?utm_source=mybusiness&utm_medium=profile&utm_campaign=bangkok-office","","W-8, National Stadium BTS Station, BTS, Rama I Rd, Wang Mai, Subdistrict, Bangkok 10330, Thailand","https://serpapi.com/search.json?engine=google_maps&google_domain=google.com&hl=en&place_id=ChIJvfHRVVif4jARMI5Whdv0bn4","5","58","NORMAL","","","10"
"N Bangkok Best Tour Co., Ltd.","tour operator","http://www.bangkokbesttravel.com/","+66 86 903 2963","17/1 Prachum Alley, Suriya Wong, Bang Rak, Bangkok 10500, Thailand","https://serpapi.com/search.json?engine=google_maps&google_domain=google.com&hl=en&place_id=ChIJcZZ2_9KY4jAR1KSdpPgQnEs","4.9","69","NORMAL","","","8"
"Thai Smiles Trip","tour operator","https://thaismilestrip.com/","+66 94 253 7766","623, 13 Soi Charurat, Makkasan, Ratchathewi, Bangkok 10400, Thailand","https://serpapi.com/search.json?engine=google_maps&google_domain=google.com&hl=en&place_id=ChIJB01Zko-f4jARGEtC_SjvF5s","4.9","1239","NORMAL","","","9"
"Thai Tour Guide - MR. CHOB Thai Tour Guide","tour operator","https://www.thaitourguide.com/","+66 82 799 1099","1026, 240, Sathorn, Sathon, Krung Thep Maha Nakhon 10120, Thailand","https://serpapi.com/search.json?engine=google_maps&google_domain=google.com&hl=en&place_id=ChIJNRwgfCOf4jARPeT_m4ZL4Ds","5","271","NORMAL","","","10"
"Hidden Bangkok Tours","tour operator","https://www.hiddenbangkoktours.com/","+66 81 161 6595","113 Soi Wat Nak Klang, Wat Arun, Bangkok Yai, Bangkok 10600, Thailand","https://serpapi.com/search.json?engine=google_maps&google_domain=google.com&hl=en&place_id=ChIJTQgF826Z4jARKr0ePspKknY","4.9","364","NORMAL","","","6"
"International House Bangkok","language school","https://www.ihbangkok.com/","+66 2 252 9996","9th floor, Trendy Office for Rent, Soi Sukhumvit 13, Khlong Toei Nuea, Watthana, Bangkok 10110, Thailand","https://serpapi.com/search.json?engine=google_maps&google_domain=google.com&hl=en&place_id=ChIJmfFlcSyf4jAR1Cq4Qp1SwHM","4.8","326","NORMAL","","","9"
"Pro Language School Bangkok","language school","http://www.prolanguage.co.th/","+66 2 250 0072","10th Floor,Times Square Building Sukhumvit Rd.,, Khongtoey, 10110, Thailand","https://serpapi.com/search.json?engine=google_maps&google_domain=google.com&hl=en&place_id=ChIJR8LGwuOe4jAR9QNWwu8_PGY","4.7","158","NORMAL","","","error"
"Duke Language School | Thai Language School Bangkok","language school","https://dukelanguage.com/","+66 82 444 1595","อาคาร เทรนดี้, 10/63 Soi Sukhumvit 13, Khlong Toei Nuea, Watthana, Bangkok 10110, Thailand","https://serpapi.com/search.json?engine=google_maps&google_domain=google.com&hl=en&place_id=ChIJfyHKn-ae4jAR0EoWmoIX0XU","4.7","495","NORMAL","","","9"
"Modulo Language School - Central World","language school","https://www.modulolearning.com/","+66 2 252 7282","4, 4/1 Ratchadamri Rd., Central World 6th floor KZ-03, Pathum Wan, Bangkok 10330, Thailand","https://serpapi.com/search.json?engine=google_maps&google_domain=google.com&hl=en&place_id=ChIJC49dw8-e4jAR8Zv2pNFQnd0","4.9","416","NORMAL","","","10"
"Modulo Language School - Siam Paragon","language school","https://www.modulolearning.com/","+66 95 858 4004","#4A7, 991 Rama I Rd, Pathum Wan, Bangkok 10330, Thailand","https://serpapi.com/search.json?engine=google_maps&google_domain=google.com&hl=en&place_id=ChIJjzJGB86e4jARDDnB7Uo6hVE","5","405","NORMAL","","","10"
"AAA Thai Language School","language school","http://www.aaathai.school/","+66 95 248 3472","Wannasorn building 12th floor, Phaya Thai Rd, Bangkok 10400, Thailand","https://serpapi.com/search.json?engine=google_maps&google_domain=google.com&hl=en&place_id=ChIJp6ZWweaf4jARuS3QXWFfSb4","4.8","155","NORMAL","","","8"
"Modulo Language School - Rama 9","language school","https://www.modulolearning.com/","+66 2 160 3443","12th floor, 9, 1202 Rama IX Rd, Huai Khwang, Bangkok 10310, Thailand","https://serpapi.com/search.json?engine=google_maps&google_domain=google.com&hl=en&place_id=ChIJxT5NJI2e4jARkrap0yedCKk","4.9","609","NORMAL","","","10"
"ALA Language School","language school","https://alalanguage.com/?utm_source=google&utm_medium=cpc&utm_campaign=MAM-Google-Brand&gad_source=1&gclid=Cj0KCQiAgK2qBhCHARIsAGACuzljHJ6k0fJhNNCcIFogE06Bc6xz90Wm5RXvoeFLxS6FyIQt-IGnwNUaArNOEALw_wcB","+66 61 919 7947","Trendy Building, Floor 1A, Soi Sukhumvit 13, Khlong Toei Nuea, Watthana, Bangkok 10110, Thailand","https://serpapi.com/search.json?engine=google_maps&google_domain=google.com&hl=en&place_id=ChIJnY_wJ-Kf4jARojq3BWR05Zo","4.6","162","NORMAL","","","10"
"Thai Solutions | Thai Language School in Bangkok","language school","https://www.thaisolutions1502.com/","+66 81 653 5788","Room 128/206,Phaya Thai Plaza Building, 19th Floor, อาคาร, Phaya Thai Rd, Thanon Phaya Thai, Ratchathewi, Bangkok 10400, Thailand","https://serpapi.com/search.json?engine=google_maps&google_domain=google.com&hl=en&place_id=ChIJgWFPseKe4jARHedXDUZS-0k","4.7","111","NORMAL","","","10"
"Baan Aksorn Thai Language School","language school","https://www.baanaksorn.com/","+66 61 636 9465","52 ซอย เอกมัย 4, Khlong Tan Nuea, Watthana, Bangkok 10110, Thailand","https://serpapi.com/search.json?engine=google_maps&google_domain=google.com&hl=en&place_id=ChIJn2Zf5P2e4jARUHoklUsN-AA","4.9","78","NORMAL","","","9"
"The Knowledge Language School at Lake Rajada","language school","https://www.theknowledge.in.th/","+66 61 828 6611","5th & 6th Floor, Lake Rajada Office Complex, 193-195 Ratchadaphisek Rd, Khwaeng Khlong Toei, Khet Khlong Toei, Bangkok 10110, Thailand","https://serpapi.com/search.json?engine=google_maps&google_domain=google.com&hl=en&place_id=ChIJr2Zvmx2f4jARMN_mk5-QIqM","4.6","174","NORMAL","","","8"
"TLS PhomphongThai/English School","language school","http://www.tls-silom.com/","+66 2 662 2584","595/15 (2fl, 15 Praphai Phak Alley, Khlong Tan Nuea, Watthana, Bangkok 10110, Thailand","https://serpapi.com/search.json?engine=google_maps&google_domain=google.com&hl=en&place_id=ChIJfa4iFwKf4jARO6rh5YoyQ9M","4.8","48","NORMAL","","","7"
"AUA Language Center, Ratchadamri","language school","https://www.auathailand.org/","+66 2 114 7625","179 Ratchadamri Rd, Lumphini, Pathum Wan, Bangkok 10330, Thailand","https://serpapi.com/search.json?engine=google_maps&google_domain=google.com&hl=en&place_id=ChIJ_79Dotee4jARcCj3A7n3_UE","4.6","68","NORMAL","","","9"
"Speak Thai Easy Co.,Ltd","language school","https://www.speakthaieasy.com/?fbclid=PAAaa8PtB_EbjNOHhND0Vlh-cWs1b_6LbIAkg1oAppQ5LqjCDOqfp6n6Nftok_aem_AXDDwUyg6Yu-R6OF7yob1i3sFRNtF5kx3ygCUd_QhGrXbVJbCLnaWpjpq_YYO-yFRhU","+66 95 653 9798","10400 Sukhumvit Rd, Khlongtoiey, Bangkok 10400, Thailand","https://serpapi.com/search.json?engine=google_maps&google_domain=google.com&hl=en&place_id=ChIJc09yNoee4jARpoB3U54Nk7A","4.9","119","NORMAL","","","10"
"Modulo Language School - Icon Siam","language school","https://www.modulolearning.com/","+66 80 393 5999","Icon Siam 5th floor #534, Charoen Nakhon 5 Alley, Khlong Ton Sai, Khlong San, Bangkok 10600, Thailand","https://serpapi.com/search.json?engine=google_maps&google_domain=google.com&hl=en&place_id=ChIJEQODS7yZ4jAR81-XVtCI550","4.9","226","NORMAL","","","10"
"TLSシーロム校","language school","http://www.tls-silom.com/","+66 2 632 9440","Thailand, Bangkok, Suriyawongse 62 Thaniya Building 11th floor Silom Road","https://serpapi.com/search.json?engine=google_maps&google_domain=google.com&hl=en&place_id=ChIJA-4PCSyf4jARDgUqmlXboSM","4.6","55","NORMAL","","","7"
"English Parks Language School","language school","http://www.englishparks.in.th/","+66 97 929 4463","เลขที่ 2 อาคารจัสมิน ซิตี้ ชั้น 3 ห้อง R-03 ซอยประสานมิตร (สุขุมวิท 23), ถนนสุขุมวิท, คลองเตยเหนือ, วัฒนา, Bangkok 10110, Thailand","https://serpapi.com/search.json?engine=google_maps&google_domain=google.com&hl=en&place_id=ChIJw4yM0OKe4jARKk07XilJvwQ","4.9","87","NORMAL","","","8"
"English Parks Language School","language school","http://www.englishparks.in.th/","+66 83 888 0406","35/29 Noble House Phayathai, ถนนพญาไท, ราชเทวี, Bangkok 10400, Thailand","https://serpapi.com/search.json?engine=google_maps&google_domain=google.com&hl=en&place_id=ChIJXR6337We4jARjopV3Y09iSM","4.8","160","NORMAL","","","8"
"Rak Thai Language School","language school","http://www.rtl-school.com/","+66 2 255 3036","888, 104 มหาทุนพลาซ่า, ชั้นที่ 10 Phloen Chit Rd, แขวง ลุมพีนี, Pathum Wan, Bangkok 10330, Thailand","https://serpapi.com/search.json?engine=google_maps&google_domain=google.com&hl=en&place_id=ChIJAW8FVtye4jARkDaeG0XyrHE","4.5","82","NORMAL","","","8"
"The Language Thailand","language school","http://www.thelanguage-thailand.com/","+66 2 114 3250","42tower, 65 Sukhumvit 42, พระโขนง, Bangkok 10110, Thailand","https://serpapi.com/search.json?engine=google_maps&google_domain=google.com&hl=en&place_id=ChIJezO4GeWe4jARsNrUjOHXKR0","5","377","NORMAL","","","6"
"Past Perfect vintage clothing store Bangkok","clothing boutique","","+66 65 469 8669","1003/1-2 Song Wat Rd, Samphanthawong, Bangkok 10100, Thailand","https://serpapi.com/search.json?engine=google_maps&google_domain=google.com&hl=en&place_id=ChIJ_RDGNR-Z4jARO0fHBNIRDf0","4.7","34","HIGH","","",""
"Women's Vintage Clothing by Sugar Cream Vintage","clothing boutique","https://sugarcreamvintage.com/","+66 63 646 4249","Terminal 21 Shopping Mall, Shop No. 1095 (1st Tokyo Floor 88 Soi Sukhumvit 19 Klong-toei Nua, Watthana, Bangkok 10110, Thailand","https://serpapi.com/search.json?engine=google_maps&google_domain=google.com&hl=en&place_id=ChIJPwCAg9Ke4jARMFrS1RBDVac","4.9","104","NORMAL","","","10"
"MOMO TALAT NOI - Concept Store - for the love of all handmade","clothing boutique","https://www.momotalatnoi.com/","+66 93 710 8400","928 Soi Wanit 2, Talat Noi, Khet Samphanthawong, Bangkok 10100, Thailand","https://serpapi.com/search.json?engine=google_maps&google_domain=google.com&hl=en&place_id=ChIJmx71vXmZ4jARwoC9pjK6i1w","4.6","88","NORMAL","","","10"
"Siwilai Store","clothing boutique","http://siwilaibkk.com/siwilai-store/","+66 2 160 5809","Level 2, Central Embassy, 1031 Phloen Chit Rd, Lumphini, Pathum Wan, Bangkok 10330, Thailand","https://serpapi.com/search.json?engine=google_maps&google_domain=google.com&hl=en&place_id=ChIJsYbnqDif4jAR5I-k_fcmmUE","4.2","356","NORMAL","","","5"
"Picked Bangkok","clothing boutique","","+66 92 615 4936","3 Floor, Lido Connect, Khwaeng Pathum Wan, Pathum Wan, Bangkok 10330, Thailand","https://serpapi.com/search.json?engine=google_maps&google_domain=google.com&hl=en&place_id=ChIJYS8LFwCf4jAReb4aso9m5YE","5","101","HIGH","","",""
"I wanna Bangkok","clothing boutique","http://www.iwannabangkok.com/","+66 88 782 4151","42 Naradhiwas Rajanagarindra Rd, Si Lom, Khet Bang Rak, Bangkok 10500, Thailand","https://serpapi.com/search.json?engine=google_maps&google_domain=google.com&hl=en&place_id=ChIJqUaVOKiZ4jAReQp1ACd6-4U","4.4","45","NORMAL","","","7"
"FreeHand Boutiques - Fashion shop in bangkok Thailand","clothing boutique","http://www.freehandboutiques.com/","+66 2 629 3701","94 Ram Buttri Aly, Talat Yot, Phra Nakhon, Bangkok 10200, Thailand","https://serpapi.com/search.json?engine=google_maps&google_domain=google.com&hl=en&place_id=ChIJN56euBWZ4jARy_l8FIHBiBA","4.8","117","NORMAL","","","7"
"Made in Thailand Shop | Souvenirs | Luggage | Sim Card | Thailand Fashion wears | Best Quality Shop in Khaosan","clothing boutique","","+66 61 870 7020","ห้อง A4 อาคาร สหกรณ์ กรุงเทพ สาขา เลขที่ 156 Chakrabongse Rd, Talat Yot, Phra Nakhon, Bangkok 10200 Banglamphu, Talat Yot, Phra Nakhon, Bangkok 10200, Thailand","https://serpapi.com/search.json?engine=google_maps&google_domain=google.com&hl=en&place_id=ChIJC-hVrvyZ4jARXOLlUL-CL9o","5","44","HIGH","","",""
"POEM SiamSquareOne","clothing boutique","http://www.poembangkok.com/","+66 2 115 1449","30279, 388 Rama I Rd, Pathum Wan, Bangkok 10330, Thailand","https://serpapi.com/search.json?engine=google_maps&google_domain=google.com&hl=en&place_id=ChIJhULbEtKe4jARgvEoy2mezR8","4.4","18","NORMAL","","","5"
"Luxury29","clothing boutique","https://luxury-29.com/","+66 80 265 1979","392, 18 Siam Square Soi 5, Pathum Wan, Bangkok 10330, Thailand","https://serpapi.com/search.json?engine=google_maps&google_domain=google.com&hl=en&place_id=ChIJU7_iIcaf4jAR5x5GOp54JpI","4.9","633","NORMAL","","","9"
"Fat Boys Fashion by OM / Big and Tall","clothing boutique","http://www.omplussize.com/","+66 96 959 4965","Krung Thong Plaza Pratunam, Floor 2, Thanon Phaya Thai, Ratchathewi, Bangkok 10400, Thailand","https://serpapi.com/search.json?engine=google_maps&google_domain=google.com&hl=en&place_id=ChIJH4cMM9qf4jAROCCFzJ6l2fY","4.9","985","NORMAL","","","6"
"NEENA SEHGAL Indian clothing boutique","clothing boutique","https://m.facebook.com/pages/category/Fashion-Designer/NEENA-Sehgal-indian-clothing-store-812267688887580/","+66 86 086 8385","98/1, D.S. Tower 1, Soi Phrom chit,, sukhumvit soi 33, Khlong Toei Nuea, Watthana, Bangkok 10110, Thailand","https://serpapi.com/search.json?engine=google_maps&google_domain=google.com&hl=en&place_id=ChIJxd6WIvye4jAR7KVRH7j0rQI","4.9","32","HIGH","","",""
"Bangkok Muscle Shop","clothing boutique","https://www.bangkokmuscleshop.com/","+66 63 372 1818","Platinum Fashion Mall 222 Phetchaburi Rd 4th Floor - Shop, 1220 1221, Thanon Phaya Thai, Ratchathewi, Bangkok 10400, Thailand","https://serpapi.com/search.json?engine=google_maps&google_domain=google.com&hl=en&place_id=ChIJMUrJUvyf4jARGQahCo5TvKw","4.9","115","NORMAL","","","10"
"Malika Boutique","clothing boutique","http://facebook.com/karrasmalika","+66 95 852 9779","631 Sukhumvit Alley 22, Khlong Tan, Khlong Toei, Bangkok 10110, Thailand","https://serpapi.com/search.json?engine=google_maps&google_domain=google.com&hl=en&place_id=ChIJ6-jzXwWf4jAR7heIEBLclMw","5","1","NORMAL","","","8"
"Ricochet Boutique","clothing boutique","http://ricochetboutique.com/","+66 2 051 6267","Unit 1145-1146 , 1st Floor, Terminal 21 Shopping Mall 88 Soi Sukhumvit 19 Klongtoei, Nue, Thawi Watthana, Bangkok 10110, Thailand","https://serpapi.com/search.json?engine=google_maps&google_domain=google.com&hl=en&place_id=ChIJIzVsqHqf4jARw2S26AcjciU","4.3","10","NORMAL","","","8"
"OM ORRAPUN MISIR ( Plus Size )","clothing boutique","http://www.omplussize.com/","+66 96 959 4965","Krung Thong Plaza Pratuwan 2nd Floor 2031 and 2043, Phaya Thai, Ratchathewi, Bangkok 10400, Thailand","https://serpapi.com/search.json?engine=google_maps&google_domain=google.com&hl=en&place_id=ChIJD-zBSc-e4jARkcpf6vyznFw","4.9","52","NORMAL","","","6"
"RÁM FASHION Bangkok","clothing boutique","","","358/1 ถ. วิสุทธิกษัตริย์, Ban Phan Thom, Phra Nakhon, Bangkok 10200, Thailand","https://serpapi.com/search.json?engine=google_maps&google_domain=google.com&hl=en&place_id=ChIJa9H5YgCZ4jARaADoBxSm1ts","4.6","41","HIGH","","",""
"RAGTAG One Bangkok","clothing boutique","http://www.ragtagthailand.com/","+66 85 515 3778","The Storeys, One Bangkok, 2239 Witthayu Rd, Lumphini, Pathum Wan, Bangkok 10330, Thailand","https://serpapi.com/search.json?engine=google_maps&google_domain=google.com&hl=en&place_id=ChIJ3-1zcQCf4jARkNnClAvem3U","4.7","15","NORMAL","","","8"
"Big and Tall PLUS SIZE FASHION by OM Orrapun Misir","clothing boutique","https://www.omplussize.com/","+66 61 446 9654","Krung Thong Plaza 2080 Petchaburi Rd, Phaya Thai, Ratchathewi, 2 nd Floor 2031, Pratunaum, Bangkok 10400, Thailand","https://serpapi.com/search.json?engine=google_maps&google_domain=google.com&hl=en&place_id=ChIJ-R4ckfCf4jAROmOC7JQEPjU","4.9","44","NORMAL","","","8"
"Toanoi House Souvenir Bangkok","clothing boutique","https://toanoi.com/","+66 93 834 9925","259/80 Sukhumvit Rd, Khwaeng Phra Khanong Nuea, Watthana, Bangkok 10110, Thailand","https://serpapi.com/search.json?engine=google_maps&google_domain=google.com&hl=en&place_id=ChIJDZee6O6f4jARF8hKp6cIUQM","5","48","NORMAL","","","10"
"Bangkok Air Catering Co., Ltd.","catering company","http://www.bangkokaircatering.com/","+66 2 131 7500","888, Moo1, Nong Prue, Bang Phli District, Samut Prakan 10540, Thailand","https://serpapi.com/search.json?engine=google_maps&google_domain=google.com&hl=en&place_id=ChIJ0bLqw6ZeHTERCxG5ksj4NMg","4.4","196","NORMAL","","","8"
"The Chef Catering Co,.Ltd.","catering company","http://www.thechefcatering.com/","+66 87 789 6639","5 เฉลิมพระเกียรติรัชกาลที่ 9 ซอย 6, Nong Bon, Prawet, Bangkok 10250, Thailand","https://serpapi.com/search.json?engine=google_maps&google_domain=google.com&hl=en&place_id=ChIJ0c9cEyRnHTERdJxnKuZvBBw","4.5","21","NORMAL","","","5"
"Bangkok Catering","catering company","https://bangkokcatering.com/","+66 64 932 3315","39/4 Sukhumvit 26 Road, Khlong Tan, Ket, Bangkok 10110, Thailand","https://serpapi.com/search.json?engine=google_maps&google_domain=google.com&hl=en&place_id=ChIJmdMg0gmf4jAR2W-vAYvxPXw","5","6","NORMAL","","","10"
"DeeCatering ดีเคเทอริ่ง","catering company","https://www.deecatering.com/","+66 82 782 8958","12, 1 Ramkhamhaeng 21 Alley, Lane 1, Phlabphla, Wang Thonglang, Bangkok 10310, Thailand","https://serpapi.com/search.json?engine=google_maps&google_domain=google.com&hl=en&place_id=ChIJDeQ14vqd4jAR9r5uMLgYgRg","4.7","39","NORMAL","","","10"
"Catering bangkok","catering company","","","67/539 Soi Kaset, Thung Song Hong, Lak Si, Bangkok 10210, Thailand","https://serpapi.com/search.json?engine=google_maps&google_domain=google.com&hl=en&place_id=ChIJ01I8AVuD4jAR7YQ6nyyTkM4","5","5","HIGH","","",""
"Set and Serve Catering","catering company","https://www.setandservecatering.com/","+66 2 120 4564","51, 51/1 Sun Wichai 8 Alley, Bang Kapi, Huai Khwang, Bangkok 10310, Thailand","https://serpapi.com/search.json?engine=google_maps&google_domain=google.com&hl=en&place_id=ChIJi0kdnVWd4jARveyuPzSvl3c","4.3","18","NORMAL","","","10"
"Charm Catering","catering company","http://www.charm.catering/","","241 Ratchawithi Rd, Suan Chitlada, Dusit District, Bangkok 10300, Thailand","https://serpapi.com/search.json?engine=google_maps&google_domain=google.com&hl=en&place_id=ChIJrVXgKVKZ4jARhcd_ASuiGwk","4.5","22","NORMAL","","","8"
"Annasiri Catering","catering company","","+66 93 695 3889","1414, 330 Sukhumvit Rd, Prakanong, Klongtoei, Bangkok 10110, Thailand","https://serpapi.com/search.json?engine=google_maps&google_domain=google.com&hl=en&place_id=ChIJvzNrzvyf4jARPFG1T86Ssgs","5","2","HIGH","","",""
"Foodhouse Catering Service","catering company","http://www.foodhouse.co.th/","+66 2 741 8800","234 Soi Sukhumvit 101, Bang Chak, Phra Khanong, Bangkok 10260, Thailand","https://serpapi.com/search.json?engine=google_maps&google_domain=google.com&hl=en&place_id=ChIJNdXLxZEr_0IRHaLOe0cZYyQ","5","1","NORMAL","","","8"
"นาทอง เคเทอริ่ง Nathong Catering","catering company","http://www.nathongcatering.com/","+66 99 258 9994","585/8 ซ, Phromsiri Alley, Samsen Nok, Huai Khwang, Bangkok 10310, Thailand","https://serpapi.com/search.json?engine=google_maps&google_domain=google.com&hl=en&place_id=ChIJaRaT2Taf4jARVu5_qyvVfW8","5","2","NORMAL","","","8"
"บริษัท ออล สไปซ์ เคเทอร์ริ่ง จำกัด (ALL SPIZE CATERING CO., LTD)","catering company","http://www.allspize.com/","+66 2 279 8711","408/120 ชั้น 28 อาคารพหลโยธินเพลส, Samsen Nai, Phaya Thai, Bangkok 10400, Thailand","https://serpapi.com/search.json?engine=google_maps&google_domain=google.com&hl=en&place_id=ChIJAYkAyOqe4jARkAGUF5DY0j8","5","2","NORMAL","","","6"
"Le Siamois Bangkok Private chef thai and catering service","catering company","","+66 95 891 1629","2/71 The Grand , Soi Mahatlek Luang 2, Ratchadamri Rd, Lumphini, Pathum wan, Bangkok 10330, Thailand","https://serpapi.com/search.json?engine=google_maps&google_domain=google.com&hl=en&place_id=ChIJP1uBU9ee4jAR0RPBnVJSr-g","4.5","4","HIGH","","",""
"Kinkao (Office Catering)","catering company","http://www.kinkao.co/","+66 80 000 0000","เลขท่ี 1035/22 ชั้น 1, ทางเข้าอยู่หลังอาคาร, บริเวณลานจอดรถ, 41 Sukhumvit 71 Rd, Khlong Tan Nuea, Watthana, Bangkok 10110, Thailand","https://serpapi.com/search.json?engine=google_maps&google_domain=google.com&hl=en&place_id=ChIJ3VujoFCe4jAR3lZW4BqIPAc","4.7","20","NORMAL","","","8"
"View Rooftop Bangkok","rooftop bar","https://viewrooftopbarbangkok.com/","+66 2 209 1700","9th Floor, Novotel Bangkok, Platinum Pratunam, 220 Phetchaburi Rd, Thanon Phetchaburi, Ratchathewi, Bangkok 10400, Thailand","https://serpapi.com/search.json?engine=google_maps&google_domain=google.com&hl=en&place_id=ChIJR4LgSl-f4jARSMzR8x4RA3E","4.8","1751","NORMAL","","","10"
"The Speakeasy Rooftop Bar Bangkok","rooftop bar","https://www.thespeakeasyrooftopbarbangkok.com/","+66 2 630 4000","55, 555 Lang Suan Rd, Lumphini, Pathum Wan, Bangkok 10330, Thailand","https://serpapi.com/search.json?engine=google_maps&google_domain=google.com&hl=en&place_id=ChIJ5178Viqf4jARZKFL40SO2RU","4.7","2764","NORMAL","","","10"
"Yào Rooftop Bar","rooftop bar","https://www.yaobangkok.com/","+66 2 088 5666","Rooftop of Bangkok Marriott Hotel The Surawongse 262 Surawong Rd, 262 Surawong Rd, Si Phraya, Bang Rak, Bangkok 10500, Thailand","https://serpapi.com/search.json?engine=google_maps&google_domain=google.com&hl=en&place_id=ChIJdZuv9YGZ4jARx9IOZR1qpAs","4.6","728","NORMAL","","","10"
"Blue Sky Rooftop Restaurant & Bar at Centara Grand at Central Plaza Ladprao Bangkok","rooftop bar","http://www.centarahotelsresorts.com/bluesky/","+66 2 541 1234","1695 Centara Grand at Central plaza, Ladprao, 24 Fl, Chatuchak, Bangkok 10900, Thailand","https://serpapi.com/search.json?engine=google_maps&google_domain=google.com&hl=en&place_id=ChIJZen-Mlqc4jAR9Qiuu1zLBw8","4.8","1310","NORMAL","","","7"
"Top Knot Rooftop Bar & Restaurant","rooftop bar","https://www.hotelonce.com/rooftop-bar-bangkok.php","+66 2 688 2596","2074, 99 Charoen Krung 72/2 Alley, Wat Phraya Krai, Bang Kho Laem, Bangkok 10120, Thailand","https://serpapi.com/search.json?engine=google_maps&google_domain=google.com&hl=en&place_id=ChIJCwKh_5WY4jARfkDfirElh90","4.8","1269","NORMAL","","","10"
"Octave Rooftop Lounge & Bar","rooftop bar","https://www.sevenrooms.com/reservations/octaverooftoploungebarbkkms/goog","+66 2 797 0000","2 ซอย, Sukhumvit Rd, Khlong Tan Nuea, Watthana, Bangkok 10110, Thailand","https://serpapi.com/search.json?engine=google_maps&google_domain=google.com&hl=en&place_id=ChIJhxshNqWf4jARgYxEW8hBGcE","4.4","6041","NORMAL","","","10"
"Above Eleven Rooftop Bar & Restaurant","rooftop bar","https://aboveeleven.com/bangkok/","+66 2 038 5111","Fraser Suites, 38/8 Sukhumvit Rd, Khlong Toei Nuea, Watthana, Bangkok 10110, Thailand","https://serpapi.com/search.json?engine=google_maps&google_domain=google.com&hl=en&place_id=ChIJAVT7t-ie4jARe7wAWZrzW4U","4.6","5968","NORMAL","","","9"
"Sky Bar","rooftop bar","http://www.lebua.com/sky-bar","+66 2 624 9555","64th Floor, State Tower Bangkok, 1055 Si Lom Rd, Si Lom, Bang Rak, Bangkok 10500, Thailand","https://serpapi.com/search.json?engine=google_maps&google_domain=google.com&hl=en&place_id=ChIJVTBnbMWY4jARzZ5CS7DwHVk","3.9","6923","NORMAL","","","7"
"Sato San Rooftop Bar","rooftop bar","https://www.satosanrooftopbar.com/","+66 2 209 5999","111 Ratchadamri Rd, Lumphini, Pathum Wan, Bangkok 10330, Thailand","https://serpapi.com/search.json?engine=google_maps&google_domain=google.com&hl=en&place_id=ChIJ6Vhm6Baf4jARdunalBbPskU","5","1704","NORMAL","","","10"
"Red Sky","rooftop bar","http://www.bangkokredsky.com/","+66 2 100 6255","999, 99 Rama I Rd, Pathum Wan, Bangkok 10330, Thailand","https://serpapi.com/search.json?engine=google_maps&google_domain=google.com&hl=en&place_id=ChIJaWYJu8-e4jARCqFsNRnGKxo","4.5","4559","NORMAL","","","8"
"Vanilla Sky Rooftop Bar","rooftop bar","https://skyviewhotel.com/bangkok/dining/vanilla-sky-rooftop-bar/","+66 2 011 1156","SKYVIEW Hotel Bangkok, 35th Floor, 12 Sukhumvit 24 Alley, Khlong Tan, Khlong Toei, Bangkok 10110, Thailand","https://serpapi.com/search.json?engine=google_maps&google_domain=google.com&hl=en&place_id=ChIJ3wk3YgGf4jARaf3iAhj4VWI","4.3","438","NORMAL","","","9"
"SIN Rooftop Bar Bangkok","rooftop bar","https://sin.seenrooftopbangkok.com/","+66 2 431 9472","Avani+ Riverside Bangkok Hotel, 257 Charoen Nakhon Rd, Samre, Thon Buri, Bangkok 10600, Thailand","https://serpapi.com/search.json?engine=google_maps&google_domain=google.com&hl=en&place_id=ChIJVwZugw2Z4jARb9AqXVD9nRk","4.9","1171","NORMAL","","","10"
"Sky Beach Bangkok","rooftop bar","https://www.standardhotels.com/bangkok/features/skybeach-rooftopbar-bkk","+66 2 085 8888","78th Floor, The Standard, Bangkok Mahanakhon, 114 Naradhiwas Rajanagarindra Rd, Si Lom, Bang Rak, Bangkok 10500, Thailand","https://serpapi.com/search.json?engine=google_maps&google_domain=google.com&hl=en&place_id=ChIJF4OXv_WZ4jARbcNPlcou0Yo","4.6","1045","NORMAL","","","10"
"Pastel Rooftop Bar & Mediterranean Dining","rooftop bar","https://www.pastelbangkok.com/?utm_source=google-business-profile&utm_medium=organic","+66 95 703 5679","22nd floor, Aira Hotel, 14 Sukhumvit 11 Aly, Khlong Toei Nuea, Watthana, Bangkok 10110, Thailand","https://serpapi.com/search.json?engine=google_maps&google_domain=google.com&hl=en&place_id=ChIJbY9lxyKf4jARNf9VogDC-jA","4.5","2045","NORMAL","","","10"
"Tichuca Rooftop Bar","rooftop bar","http://tichuca.co/","+66 65 878 5562","ตึก ที วัน ชั้น 46, Soi Sukhumvit 40, Phra Khanong, Khlong Toei, Bangkok 10110, Thailand","https://serpapi.com/search.json?engine=google_maps&google_domain=google.com&hl=en&place_id=ChIJPXYszxSf4jARvqTluQfT_is","4.2","6826","NORMAL","","","7"
"Starlight Rooftop Bar","rooftop bar","https://starlightrooftopbarbangkok.com/?trackingCode=GBP#book","+66 2 352 4999","R Floor, 222 Surawong Rd, Si Phraya, Bang Rak, Bangkok 10500, Thailand","https://serpapi.com/search.json?engine=google_maps&google_domain=google.com&hl=en&place_id=ChIJL9CeFuGZ4jARQuX3E4CjsHE","4.7","445","NORMAL","","","10"
"Axis & Spin Rooftop Restaurant & Bar (38th floor)","rooftop bar","https://montraj.com/continent-hotel/axis-and-spin-restaurant/","+66 2 686 7000","38th Floor, 413 Sukhumvit Rd, Khlong Toei Nuea, Watthana, Bangkok 10110, Thailand","https://serpapi.com/search.json?engine=google_maps&google_domain=google.com&hl=en&place_id=ChIJFQlcIOOe4jARjPvJp7kSngI","4.8","1669","NORMAL","","","10"
"Three Sixty Lounge","rooftop bar","http://www3.hilton.com/en/hotels/thailand/millennium-hilton-bangkok-BKKHITW/dining/index.html","+66 2 442 2062","123 Charoen Nakhon Rd, Khlong Ton Sai, Khlong San, Bangkok 10600, Thailand","https://serpapi.com/search.json?engine=google_maps&google_domain=google.com&hl=en&place_id=ChIJbSLDx92Y4jARM9xY2YMxPN8","4.5","757","NORMAL","","","8"
"Bangkok Heightz Rooftop (Restaurant & Bar 39th floor)","rooftop bar","https://montraj.com/continent-hotel/bangkok-heightz-rooftop-restaurant-sukhumvit/","+66 2 686 7000","413 ชั้น 39, โรงแรม เดอะ คอนทิเนนท์, Sukhumvit Rd, Khlong Toei Nuea, Watthana, Bangkok 10110, Thailand","https://serpapi.com/search.json?engine=google_maps&google_domain=google.com&hl=en&place_id=ChIJ_QYAIOOe4jARxBtLupRX4u4","4.8","2667","NORMAL","","","9"
"Sanay Rooftop Bar Khaosan - เสน่ห์ รูฟท็อป บาร์ ข้าวสาร","rooftop bar","https://thegravitiquehotel.com/dining/sanay-rooftop-bar/","+66 2 121 4415","19 Thanon Tani, Talat Yot, Phra Nakhon, Bangkok 10200, Thailand","https://serpapi.com/search.json?engine=google_maps&google_domain=google.com&hl=en&place_id=ChIJlfTGdoSZ4jAR3QxxLj97yVM","4.8","608","NORMAL","","","10"
"WKK Muay Thai Gym","muay thai gym","https://wkkgym.com/","+66 93 660 7871","153/3 Lat Phrao Rd, Samsen Nok, Huai Khwang, Bangkok 10310, Thailand","https://serpapi.com/search.json?engine=google_maps&google_domain=google.com&hl=en&place_id=ChIJA7zcr3qd4jARnOk6EsRaONA","5","49","NORMAL","","","9"
"F.A.GROUP MUAYTHAI BANGKOK","muay thai gym","http://www.fagroupmuaythai.com/","+66 81 826 1515","270 Vibhavadi Rangsit Rd, Chom Phon, Chatuchak, Bangkok 10900, Thailand","https://serpapi.com/search.json?engine=google_maps&google_domain=google.com&hl=en&place_id=ChIJs3VKT0ec4jARP0GraiScje8","4.7","114","NORMAL","","","6"
"Asana Yoga","yoga studio","http://www.facebook.com/asanayogabkk","+66 61 919 9455","88/1 Eight Thonglor ,LG Floor, Thong Lo, Khlong Tan Nuea, Watthana, Bangkok 10110, Thailand","https://serpapi.com/search.json?engine=google_maps&google_domain=google.com&hl=en&place_id=ChIJvUSbgPOf4jARx70SXQ9Ah_c","4.9","56","NORMAL","","","8"
"Metro Beauty Centers Co., Ltd. (The Metro Clinic)","aesthetic clinic","https://www.metrobeautycenters.com/","+66 83 189 8931","PARK VENTURES ECOPLEX, Level 2, 57 Witthayu Rd, Lumphini, Pathum Wan, Bangkok 10330, Thailand","https://serpapi.com/search.json?engine=google_maps&google_domain=google.com&hl=en&place_id=ChIJUTfAlpif4jARwHwu3H2zjXY","5","270","NORMAL","","","10"
"V Clinic WellnessCenter Emporium","aesthetic clinic","https://www.vclinicwellnesscenter.com/","+66 92 573 7888","594 Sukhumvit Rd, Khlong Tan Nuea, Khlong Toei, Bangkok 10110, Thailand","https://serpapi.com/search.json?engine=google_maps&google_domain=google.com&hl=en&place_id=ChIJTUetVE2f4jARk_NS5WsgaYc","5","442","NORMAL","","","error"
"Poetic Oriental Studio Bangkok","photography studio","https://www.facebook.com/profile.php?id=61555691589085","+66 80 016 0078","1270, 1272 Rama IV Rd, Khwaeng Khlong Toei, Khlong Toei, Bangkok 10110, Thailand","https://serpapi.com/search.json?engine=google_maps&google_domain=google.com&hl=en&place_id=ChIJgcO4Anyf4jARjhWktC3NvcQ","5","220","NORMAL","","","10"
"HOLO+FACE Photography Studio（EMSPHERE ชั้น 1）Portrait,Artistic Portrait,Headshot,ID Photo,Pet & Family Portrait","photography studio","https://holoface.co.th/","+66 2 180 5655","10100, Thailand, Krung Thep Maha Nakhon, Khlong Toei, Bangkok, Sukhumvit Rd","https://serpapi.com/search.json?engine=google_maps&google_domain=google.com&hl=en&place_id=ChIJ1STZpB2f4jARd4sIXYT9FVE","5","190","NORMAL","","","9"
"Nana Photo Studio - BKK","photography studio","","+66 97 137 0168","392, 15 Maha Rat Rd, Phra Borom Maha Ratchawang, Phra Nakhon, Bangkok 10200, Thailand","https://serpapi.com/search.json?engine=google_maps&google_domain=google.com&hl=en&place_id=ChIJc3kHdheZ4jARU6sIG-UA-FY","4.4","289","HIGH","","",""
"Swing Photo Studio BKK","photography studio","https://www.swingstudiobkk.com/","","578/5 Baan Bodin Exclusive, Soi Lat Phrao 112, Phlabphla, Wang Thonglang, Bangkok 10310, Thailand","https://serpapi.com/search.json?engine=google_maps&google_domain=google.com&hl=en&place_id=ChIJXaG1FQGe4jAR6DVxO57fnvw","4.9","14","NORMAL","","","9"
"See Through wedding","wedding planner","https://www.facebook.com/Seethroughwedding","+66 81 817 9881","589 Lat Phrao 107 Alley, Lane 25, Khlong Chan, Bang Kapi, Bangkok 10240, Thailand","https://serpapi.com/search.json?engine=google_maps&google_domain=google.com&hl=en&place_id=ChIJmTzQsBtiHTERW6kGra99dmA","4.5","22","NORMAL","","","10"
"Be My Guest - Wedding Planner Bangkok","wedding planner","https://bemyguest.events/","+66 82 568 6146","The Racquet Club (RQ49), RQ1304, 3 fl., Buld, 1 Sukhumvit 49/9 Alley, Khlong Tan Nuea, Watthana, Bangkok 10110, Thailand","https://serpapi.com/search.json?engine=google_maps&google_domain=google.com&hl=en&place_id=ChIJkaqaaACf4jAROisu3Y8BE2E","","","NORMAL","","","10"
"SUN LEISUREWORLD CORPORATION CO.,LTD.","tour operator","https://sunleisureworld.com/","+66 81 583 6668","23rd Floor, Athenee Tower, 63 Witthayu Rd, Lumphini, Pathum Wan, Bangkok 10330, Thailand","https://serpapi.com/search.json?engine=google_maps&google_domain=google.com&hl=en&place_id=ChIJ3ZWEGQyY4jAR4W646g4-8LI","4.6","604","NORMAL","","","10"
"Secrets of Siam Co., Ltd.","tour operator","https://www.lessecretsdusiam.com/","+66 61 175 5032","989 Siam Piwat Tower 12A Floor office TT-13, Rama I Rd, Pathum Wan, Bangkok 10330, Thailand","https://serpapi.com/search.json?engine=google_maps&google_domain=google.com&hl=en&place_id=ChIJf9pkItCe4jARniEHAXVGdYQ","4.9","369","NORMAL","","","9"
"N Bangkok Best Tour Co., Ltd.","tour operator","http://www.bangkokbesttravel.com/","+66 86 903 2963","17/1 Prachum Alley, Suriya Wong, Bang Rak, Bangkok 10500, Thailand","https://serpapi.com/search.json?engine=google_maps&google_domain=google.com&hl=en&place_id=ChIJcZZ2_9KY4jAR1KSdpPgQnEs","4.9","69","NORMAL","","","8"
"Quality Thai Guide","tour operator","https://www.qualitythaiguide.com/","+66 98 514 9626","85/270, Samae Dam, Bang Khun Thian, Bangkok 10150, Thailand","https://serpapi.com/search.json?engine=google_maps&google_domain=google.com&hl=en&place_id=ChIJq6qqquq84jARJpFo2GWfqhU","5","752","NORMAL","","","9"
"THAI SABAI LIFE","tour operator","https://toursinbangkok.com/","+66 2 468 0744","5/73 Wararom 81 Village, Bang Bon 5 Rd, Bang Bon Nuea, Bang Bon, Bangkok 10150, Thailand","https://serpapi.com/search.json?engine=google_maps&google_domain=google.com&hl=en&place_id=ChIJz58CtdO94jARdhDW3luc7gE","5","42","NORMAL","","","10"
"AUA Language Center, Ratchadamri","language school","https://www.auathailand.org/","+66 2 114 7625","179 Ratchadamri Rd, Lumphini, Pathum Wan, Bangkok 10330, Thailand","https://serpapi.com/search.json?engine=google_maps&google_domain=google.com&hl=en&place_id=ChIJ_79Dotee4jARcCj3A7n3_UE","4.6","68","NORMAL","","","10"
"Speak Thai Easy Co.,Ltd","language school","https://www.speakthaieasy.com/?fbclid=PAAaa8PtB_EbjNOHhND0Vlh-cWs1b_6LbIAkg1oAppQ5LqjCDOqfp6n6Nftok_aem_AXDDwUyg6Yu-R6OF7yob1i3sFRNtF5kx3ygCUd_QhGrXbVJbCLnaWpjpq_YYO-yFRhU","+66 95 653 9798","10400 Sukhumvit Rd, Khlongtoiey, Bangkok 10400, Thailand","https://serpapi.com/search.json?engine=google_maps&google_domain=google.com&hl=en&place_id=ChIJc09yNoee4jARpoB3U54Nk7A","4.9","119","NORMAL","","","10"
"Bubble Language School | โรงเรียนสอนภาษาบับเบิ้ล","language school","https://bubblelanguageschool.org/","+66 92 854 5564","161 Sukhumvit 81 Alley, Prakhanong Nua, Watthana, Bangkok 10110, Thailand","https://serpapi.com/search.json?engine=google_maps&google_domain=google.com&hl=en&place_id=ChIJf0mzpumf4jARvvi-xHxa8nA","4.9","82","NORMAL","","","8"
"Union Language School","language school","https://ulsthai.com/","+66 2 214 6033","Building 7th Floor The Church of Christ in Thailand Office, 328 Phaya Thai Rd, Khwaeng Thanon Phetchaburi, Khet Ratchathewi, Bangkok 10400, Thailand","https://serpapi.com/search.json?engine=google_maps&google_domain=google.com&hl=en&place_id=ChIJ0W8Zysye4jART4vU_vnlmbg","4.7","17","NORMAL","","","8"
"Bob's Boutique by Kris","clothing boutique","https://bobsboutique.com/","+66 87 703 6701","118 Thanon Tani, Talad Yod, Phra Nakhon, Bangkok 10200, Thailand","https://serpapi.com/search.json?engine=google_maps&google_domain=google.com&hl=en&place_id=ChIJq5R1-cye4jARU-8tOwR03Ig","4.9","136","NORMAL","","","10"
"Bangkok Air Catering Co., Ltd.","catering company","http://www.bangkokaircatering.com/","+66 2 131 7500","888, Moo1, Nong Prue, Bang Phli District, Samut Prakan 10540, Thailand","https://serpapi.com/search.json?engine=google_maps&google_domain=google.com&hl=en&place_id=ChIJ0bLqw6ZeHTERCxG5ksj4NMg","4.4","196","NORMAL","","","8"
"บริษัท ออล สไปซ์ เคเทอร์ริ่ง จำกัด (ALL SPIZE CATERING CO., LTD)","catering company","http://www.allspize.com/","+66 2 279 8711","408/120 ชั้น 28 อาคารพหลโยธินเพลส, Samsen Nai, Phaya Thai, Bangkok 10400, Thailand","https://serpapi.com/search.json?engine=google_maps&google_domain=google.com&hl=en&place_id=ChIJAYkAyOqe4jARkAGUF5DY0j8","5","2","NORMAL","","","6"
"Leelabar","rooftop bar","","+66 81 558 4289","274, 276 Boriphat Rd, Ban Bat, Pom Prap Sattru Phai, Bangkok 10100, Thailand","https://serpapi.com/search.json?engine=google_maps&google_domain=google.com&hl=en&place_id=ChIJlb8hgcCZ4jARuePQi0g9oN4","4.8","360","HIGH","","",""
"Morning kiss","nail salon Bangkok","https://morningkisslover.com/","+66 95 519 1681","Building, Unit 218 ,2nd Floor, Center Point Of, Pathum Wan, Bangkok 10330, Thailand","https://serpapi.com/search.json?engine=google_maps&google_domain=google.com&hl=en&place_id=ChIJf66cmcuf4jARZo25EhV0zVE","4.9","1695","NORMAL","","","9"
"Morning kiss","nail salon Bangkok","https://www.morningkisslover.com/head-spa/","+66 65 252 6949","เซ็นทรัลเวิลด์ 5th Floor, Unit D508, Central World, Rajdamri Road, เขตปทุมวัน กรุงเทพมหานคร, Bangkok 10330, Thailand","https://serpapi.com/search.json?engine=google_maps&google_domain=google.com&hl=en&place_id=ChIJ6aNxBTGf4jARQH2hSJWgQzg","4.8","2970","NORMAL","","","9"
"Morning Kiss Nail","nail salon Bangkok","https://morningkisslover.com/","+66 65 252 6650","G Floor at Siam Center (Take down stairs, In front of Lyn Shop)_BTS Siam station Exit.1, 979 Rama I Rd, Pathum Wan, Bangkok 10330, Thailand","https://serpapi.com/search.json?engine=google_maps&google_domain=google.com&hl=en&place_id=ChIJF4C5OjWf4jARMegGQ0MH2PQ","4.8","758","NORMAL","","","9"
"hugs x kisses nail bar","nail salon Bangkok","","+66 99 297 9833","34/1 34/1 Sukhumvit Rd, Khlong Tan, Khlong Toei, Bangkok 10110, Thailand","https://serpapi.com/search.json?engine=google_maps&google_domain=google.com&hl=en&place_id=ChIJfdG0nQaf4jARB2BO_bo5kWI","4.7","404","HIGH","","",""
"Turquoise Nail","nail salon Bangkok","http://www.turquoisenail.com/","+66 97 058 4242","314 Sukhumvit Rd, Klongtoei, Khlong Toei, Bangkok 10110, Thailand","https://serpapi.com/search.json?engine=google_maps&google_domain=google.com&hl=en&place_id=ChIJf1xKu-Oe4jARMb49_7iWWfI","4.6","444","NORMAL","","","8"
"Bare Nail Spa - Ekkamai","nail salon Bangkok","https://barenailspa.com/","+66 80 516 9652","EKM 6, RoomB202, 2nd Fl, 26 Ekkamai 6 Alley, Phra Khanong Nuea, Watthana, Bangkok 10110, Thailand","https://serpapi.com/search.json?engine=google_maps&google_domain=google.com&hl=en&place_id=ChIJifR7-eKf4jARNQ38HtDBqtw","4.8","265","NORMAL","","","10"
"Merry Day Nail Care","nail salon Bangkok","http://merrydaynailcare.com/","+66 81 889 1063","Ma Peng Seng Apartment, 14 Sukhumvit 31, Khlong Tun Nua Watthana, Bangkok 10110, Thailand","https://serpapi.com/search.json?engine=google_maps&google_domain=google.com&hl=en&place_id=ChIJM8Jnic2f4jARmfkwArtCQFE","4.8","546","NORMAL","","","7"
"HOMEY NAIL SPA","nail salon Bangkok","https://openlink.co/homeynailspa","+66 64 954 2988","Tower, 8A Floor, Top View, 34 Sukhumvit 59, Khlong Tan Nuea, Watthana, Bangkok 10110, Thailand","https://serpapi.com/search.json?engine=google_maps&google_domain=google.com&hl=en&place_id=ChIJ2ba2On2f4jARIqXEAkYIE2E","4.7","187","NORMAL","","","10"
"The Bloom Nails Spa (Sukhumvit 26)","nail salon Bangkok","https://bit.ly/2YOA1S1","+66 81 745 6993","110 Sukhumvit 26, Khlong Tan, Khlong Toei, Bangkok 10110, Thailand","https://serpapi.com/search.json?engine=google_maps&google_domain=google.com&hl=en&place_id=ChIJnzLKuyuf4jARN27XRZfknDI","4.7","137","NORMAL","","","9"
"The Sense Nail Salon","nail salon Bangkok","","+66 63 236 3622","ชั้น 3 เเอมไชน่าทาวน์, 3rd floor, I’m Chinatown, 531 ถ. เจริญกรุง, Pom Prap, Pom Prap Sattru Phai, Bangkok 10100, Thailand","https://serpapi.com/search.json?engine=google_maps&google_domain=google.com&hl=en&place_id=ChIJb4CV21iZ4jARjKjo8I8VEwg","4.7","256","HIGH","","",""
"Feliz Nails Beauty & Spa Bangkok","nail salon Bangkok","","+66 61 665 8365","Ploenchit Center building, 1st fl, next to JW Marriott Hotel, BTS Ploenchit Exit 4, Sukhumvit Rd, Bangkok 10110, Thailand","https://serpapi.com/search.json?engine=google_maps&google_domain=google.com&hl=en&place_id=ChIJ3-mDcJ-f4jAR11Vs5uPPgt8","4.6","208","HIGH","","",""
"Nail it ! Tokyo BTS National Stadium","nail salon Bangkok","https://lin.ee/IbF4zXD","+66 82 167 4696","BTS National Stadium, Rama I Rd, Wang Mai, Pathum Wan, Bangkok 10330, Thailand","https://serpapi.com/search.json?engine=google_maps&google_domain=google.com&hl=en&place_id=ChIJp1t3CwCZ4jARZ9yYFTGO2HQ","4.9","504","NORMAL","","","7"
"Luna nail & massage","nail salon Bangkok","https://www.instagram.com/lunanailbkk/profilecard/?igsh=MXE3enpoYjd3a3JpeA==","+66 83 495 7476","3/31 Sukhumvit Soi 18, Khwaeng Khlong Toei, Khet Khlong Toei, Bangkok 10110, Thailand","https://serpapi.com/search.json?engine=google_maps&google_domain=google.com&hl=en&place_id=ChIJyeFANf-f4jAR1iXT8EJKaB8","4.8","274","NORMAL","","","9"
"Seoul Nail & Spa Silom","nail salon Bangkok","https://seeuapp.io/en/beauty/seoulnailstudio_10500","+66 82 268 5563","Naradhiwas Rajanagarindra Rd, Si Lom, Bang Rak, Bangkok 10500, Thailand","https://serpapi.com/search.json?engine=google_maps&google_domain=google.com&hl=en&place_id=ChIJ52nty6uZ4jARiFqntFFWXT0","4.9","134","NORMAL","","","10"
"POLYSH SOCIETY Nails and Spa - Central Park","nail salon Bangkok","https://openlink.co/polyshsociety","+66 65 481 6546","2nd Floor, Central Park Bangkok, เลขที่ 946 Rama IV Rd, Si Lom, Bang Rak, Bangkok 10500, Thailand","https://serpapi.com/search.json?engine=google_maps&google_domain=google.com&hl=en&place_id=ChIJESzujJSf4jAREOQe6mWTIoI","5","389","NORMAL","","","10"
"Yumoto Hair and Nail Spa Bangkok","nail salon Bangkok","https://yumotospabangkok.com/hair-and-nail-spa/?utm_source=mam-gpb&utm_medium=mam-gpb&utm_campaign=gbp&utm_id=GBP","+66 84 235 9554","29 Sukhumvit 31, Khlong Toei Nuea, Watthana, Bangkok 10110, Thailand","https://serpapi.com/search.json?engine=google_maps&google_domain=google.com&hl=en&place_id=ChIJX9tpuTmf4jARj6bkNJk_Ztg","4.9","751","NORMAL","","","9"
"Artisan Nails - Nail Salon near me Sukumvit 33/1 Bangkok","nail salon Bangkok","http://www.instagram.com/artisannails__","+66 96 928 6591","595, Ellsie Boutique Mall, 22 Sukhumvit Rd, Phra Khanong, Watthana, Bangkok 10110, Thailand","https://serpapi.com/search.json?engine=google_maps&google_domain=google.com&hl=en&place_id=ChIJsYU__2af4jARpkmWVYv_y20","4.9","165","NORMAL","","","7"
"Nailosophy","nail salon Bangkok","http://www.nailosophy.com/","+66 2 632 0716","30/4 Sala Daeng Rd, Si Lom, Bang Rak, Bangkok 10500, Thailand","https://serpapi.com/search.json?engine=google_maps&google_domain=google.com&hl=en&place_id=ChIJvfDcsS6f4jARfbVp_ehXSjU","4.8","772","NORMAL","","","8"
"Kantima Salon","nail salon Bangkok","http://www.kantimasalon.com/","","เลขที่ 238 คูหาที่ 2 ชั้นที่ 3 ล็อก 13 หมอนที่ 1, Siam Square Soi 2, ปทุมวัน, Bangkok 10330, Thailand","https://serpapi.com/search.json?engine=google_maps&google_domain=google.com&hl=en&place_id=ChIJmXx7CtWf4jAROr70z0M-BuI","4.9","735","NORMAL","","","7"
"m.a.m Nail Studio","nail salon Bangkok","https://www.fresha.com/ja/a/m-a-m-nail-studio-bangkok-fifty-fifth-thonglor-3rd-floor-90-thong-lo-2-wpwdrii8","+66 61 919 5415","เลขที่ 90 Thong Lo 2, Khlong Tan Nuea, Watthana, Bangkok 10110, Thailand","https://serpapi.com/search.json?engine=google_maps&google_domain=google.com&hl=en&place_id=ChIJE1yOpomf4jARdYUyL2wH4AY","4.8","201","NORMAL","","","9"
"Flowerlab by Chanana - Central Park Bangkok","flower shop Bangkok","https://www.flowerlabbychanana.com/","+66 93 195 1635","Central Park Bangkok, 946 Rama IV Rd, Si Lom, Bang Rak, Bangkok 10500, Thailand","https://serpapi.com/search.json?engine=google_maps&google_domain=google.com&hl=en&place_id=ChIJ211Hbd2f4jARRcDPhSloOsw","5","275","NORMAL","","","10"
"UrbanFlowers","flower shop Bangkok","https://www.urbanflowers.co.th/","+66 62 195 9586","555 Taka Town, 28 Sukhumvit 39, Khlong Tan Nuea, Watthana, Bangkok 10110, Thailand","https://serpapi.com/search.json?engine=google_maps&google_domain=google.com&hl=en&place_id=ChIJ7f1TAD6f4jARBRZuPbwx-00","4.8","526","NORMAL","","","9"
"Galaxy Flower Shop One Bangkok","flower shop Bangkok","http://galaxyflower.shop/","+66 80 794 0626","Witthayu Rd, Lumphini, Pathum Wan, Bangkok 10330, Thailand","https://serpapi.com/search.json?engine=google_maps&google_domain=google.com&hl=en&place_id=ChIJp33TSeGf4jARbCQq_HTHYdQ","4.6","111","NORMAL","","","8"
"Tanaval Florist","flower shop Bangkok","https://www.tanaval.com/","+66 2 258 2374","513/2 ถนนสุขุมวิท ปากซอยสุขุมวิท29, แขวงคลองเตยเหนือ เขตวัฒนา, Bangkok 10110, Thailand","https://serpapi.com/search.json?engine=google_maps&google_domain=google.com&hl=en&place_id=ChIJkX2SaP2e4jARtYmV29lYrds","4.7","109","NORMAL","","","8"
"Impression flower Shop","flower shop Bangkok","http://bit.ly/2mn5HJo","+66 97 114 2903","Impression Flower shop, 388 Exchange Tower, LG floor, Sukhumvit เขต, Khlong Toei, Bangkok 10110, Thailand","https://serpapi.com/search.json?engine=google_maps&google_domain=google.com&hl=en&place_id=ChIJJdT-5-Ke4jARd0qvl6zUvzM","4.7","85","NORMAL","","","5"
"Love You Flower Shop","flower shop Bangkok","https://www.loveyouflower.com/","+66 2 026 3193","200 Chalaem Nimit Rd, Bang Khlo, Bang Kho Laem, Bangkok 10120, Thailand","https://serpapi.com/search.json?engine=google_maps&google_domain=google.com&hl=en&place_id=ChIJ95XkYL6Y4jAR7J66Cs9vgFA","4.9","1257","NORMAL","","","10"
"SiamFlorist Bangkok Flowers Delivery","flower shop Bangkok","http://www.siamflorist.com/","+66 2 953 8900","90/2 tesabalsongkor rd, Lardyao, Chatuchak, Bangkok 10900, Thailand","https://serpapi.com/search.json?engine=google_maps&google_domain=google.com&hl=en&place_id=ChIJ5zbk9pCc4jARYviWDXGwv6c","4.9","13","NORMAL","","","8"
"Forever Florist Thailand","flower shop Bangkok","http://www.forever-florist-thailand.com/","+66 2 001 5040","15, Life Condominium, 5 ซอย สุขุมวิท 48, Phra Khanong, Khlong Toei, Bangkok 10110, Thailand","https://serpapi.com/search.json?engine=google_maps&google_domain=google.com&hl=en&place_id=ChIJa6PB5hKf4jARJ9ewJLzxRvM","4.6","956","NORMAL","","","7"
"Cat Florist @ the Empire Sathorn ร้านดอกไม้แคท ฟลอริสท์ สาขาสาทร","flower shop Bangkok","http://www.catflorist.com/","+66 94 449 3954","3F, The Empire Sathorn, 1 S Sathon Rd, Yan Nawa, Sathon, Bangkok 10120, Thailand","https://serpapi.com/search.json?engine=google_maps&google_domain=google.com&hl=en&place_id=ChIJ1QLY9Iif4jARhV2NtZtWIKE","4.8","60","NORMAL","","","8"
"April Flora Bangkok Flower Delivery","flower shop Bangkok","https://www.aprilflora.com/","+66 84 050 6111","499 Pran Nok, Khwaeng Bang Phrom, Taling Chan, Bangkok 10170, Thailand","https://serpapi.com/search.json?engine=google_maps&google_domain=google.com&hl=en&place_id=ChIJjRMP4rSf4jARbjzqWqOTIFw","5","266","NORMAL","","","10"
"ร้านดอกไม้ เมลโรส สาขา สุขุมวิท (Melrose Flower Shop - Sukhumvit)","flower shop Bangkok","https://www.flowerbymelrose.net/","+66 95 952 8338","29 Bangkok Business Center Building , 2nd floor, Sukhumvit Rd, Klongtonnua, Watthana, Bangkok 10110, Thailand","https://serpapi.com/search.json?engine=google_maps&google_domain=google.com&hl=en&place_id=ChIJQzaNfuef4jARaelfvUP1jmw","5","21","NORMAL","","","10"
"Galaxy Flower Shop Siam Paragon","flower shop Bangkok","https://www.galaxyflower.shop/","+66 92 707 1262","Rama I Rd, Pathum Wan, Bangkok 10330, Thailand","https://serpapi.com/search.json?engine=google_maps&google_domain=google.com&hl=en&place_id=ChIJKRUyhpqf4jARdu6nXX7dWTw","5","7","NORMAL","","","10"
"DP FLOWERS BANGKOK - Premium Flower Delivery in Bangkok","flower shop Bangkok","https://dpflowers.com/","+66 64 369 8914","10 Lat Ya Rd, Khwaeng Khlong San, Khlong San, Bangkok 10600, Thailand","https://serpapi.com/search.json?engine=google_maps&google_domain=google.com&hl=en&place_id=ChIJCfW0AROZ4jARUkmRkzAWskE","5","69","NORMAL","","","9"
"Chichaya Flowers","flower shop Bangkok","","+66 61 159 2622","26/14 2nd floor Sukhumvit 11 Rd Klong Toie, Nua, Watthana, Bangkok 10110, Thailand","https://serpapi.com/search.json?engine=google_maps&google_domain=google.com&hl=en&place_id=ChIJoUqNYsGf4jARme_Xa8hG3Gc","5","16","HIGH","","",""
"The Flower House Cannabis Dispensary Weed Shop","flower shop Bangkok","https://www.instagram.com/theflowerhousebkk/?hl=en","+66 83 494 3809","37 Sam Sen Rd, Wat Sam Phraya, Phra Nakhon, Bangkok 10200, Thailand","https://serpapi.com/search.json?engine=google_maps&google_domain=google.com&hl=en&place_id=ChIJ3WpVqBCZ4jARgzSF0HSBUwg","5","270","NORMAL","","","9"
"GREEN BAY.Flower BKK","flower shop Bangkok","http://www.facebook.com/greenbay.flowerbkk","+66 64 664 7824","211-212 Sukhumvit 26, Khlong Tan, Khlong Toei, Bangkok 10110, Thailand","https://serpapi.com/search.json?engine=google_maps&google_domain=google.com&hl=en&place_id=ChIJR2JYEgKf4jARITjE23uXssw","5","11","NORMAL","","","8"
"ร้านดอกไม้ เมลโรส สาขา เอราวัณแบงค์คอก (Melrose Flower Shop - Erawan Bangkok)","flower shop Bangkok","https://www.flowerbymelrose.net/","+66 95 952 8338","Ratchadamri Rd, Lumphini, Pathum Wan, Bangkok 10330, Thailand","https://serpapi.com/search.json?engine=google_maps&google_domain=google.com&hl=en&place_id=ChIJmR5_oN6e4jARmUorA4atCz4","4.5","21","NORMAL","","","10"
"Flowers Station","flower shop Bangkok","http://flowersstationonline.com/","+66 81 442 3028","188 สีลม, 188/1 Narathiwatrajnakarin Rd, Khet Bang Rak, Bangkok 10500, Thailand","https://serpapi.com/search.json?engine=google_maps&google_domain=google.com&hl=en&place_id=ChIJtc6nqdKY4jARnZ-o8PZgsYs","4.8","36","NORMAL","","","8"
"Pearl Florist House Flower Shop - ร้านดอกไม้ชิดลม","flower shop Bangkok","https://www.pearlfloristhouse.com/","+66 92 425 3232","อาคารมณียาเซ็นเตอร์ (ใกล้ป้อมรปภ ลานจอดรถ, 518/5 Line : @pearlfloristhouse, Bangkok 10330, Thailand","https://serpapi.com/search.json?engine=google_maps&google_domain=google.com&hl=en&place_id=ChIJ30-LNIud4jARWje1HcAj0Z8","5","71","NORMAL","","","9"
"House Of Flowers","flower shop Bangkok","https://www.instagram.com/houseofflowershop/","+66 83 123 4195","448 Soi Siam Chaem, Khwaeng Huai Khwang, Huai Khwang, Bangkok 10310, Thailand","https://serpapi.com/search.json?engine=google_maps&google_domain=google.com&hl=en&place_id=ChIJPXo3DeOe4jARqBlDwPcVHLo","5","11","NORMAL","","","9"
"Twinkle Pet Park (For Little One Co.,Ltd.)","pet grooming Bangkok","http://www.twinklepetpark.com/","+66 90 090 2825","33 Sukhumvit 26, Khlong Tan, Khlong Toei, Bangkok 10110, Thailand","https://serpapi.com/search.json?engine=google_maps&google_domain=google.com&hl=en&place_id=ChIJgXgC1wef4jAR_F5YgMQUqrk","4.8","120","NORMAL","","","6"
"Tonson Grooming & Boarding","pet grooming Bangkok","https://www.tonsongrooming.com/","+66 95 995 2322","Piya Place Ton Son, 34/1 Soi Ton Son, Lumphini, Pathum Wan, Bangkok 10330, Thailand","https://serpapi.com/search.json?engine=google_maps&google_domain=google.com&hl=en&place_id=ChIJ19gdePCf4jAR8wJ_ZmDZ3ug","4.9","45","NORMAL","","","9"
"Olive Grooming Studio","pet grooming Bangkok","","+66 85 979 8779","Pracha Uthit Rd, Khwaeng Huai Khwang, Huai Khwang, Bangkok 10310, Thailand","https://serpapi.com/search.json?engine=google_maps&google_domain=google.com&hl=en&place_id=ChIJW7QSFkFnHTERySjypO18XyA","4.9","101","HIGH","","",""
"แสนรู้ • Pet shop •Grooming •Pet hotel อารีย์-สะพานควาย","pet grooming Bangkok","https://www.facebook.com/SanRuePets/","+66 95 915 2554","117, ปาก Inthamara 5 Alley, Samsen Nai, Phaya Thai, Bangkok 10400, Thailand","https://serpapi.com/search.json?engine=google_maps&google_domain=google.com&hl=en&place_id=ChIJZf36Z7ad4jARZ0asAnZ85cI","4.8","121","NORMAL","","","10"
"Dog Life Salon BKK","pet grooming Bangkok","","+66 81 454 4339","124/3 Ekkamai 28 Alley, Khlong Tan Nuea, Watthana, Bangkok 10110, Thailand","https://serpapi.com/search.json?engine=google_maps&google_domain=google.com&hl=en&place_id=ChIJizg4SVif4jARlNgZ_mUivRs","5","20","HIGH","","",""
"วิกกี้วิลล์ กรูมมิ่ง Wigglyville Grooming อ่อนนุช ร้านอาบน้ำตัดขนสุนัข แมว","pet grooming Bangkok","https://www.wigglyvillegrooming.com/","+66 62 638 2530","486 On Nut Rd, On Nut, Suan Luang, Bangkok 10250, Thailand","https://serpapi.com/search.json?engine=google_maps&google_domain=google.com&hl=en&place_id=ChIJVV-k8r6f4jARNtaDKYE7O4Q","4.9","134","NORMAL","","","9"
"FLOOF Pet Wellness Centre ฟลู้ฟ เพ็ท เวลเนส เซ็นเตอร์","pet grooming Bangkok","https://lin.ee/ggSFE0P","+66 93 661 6222","90 Saen Sabai 4 Alley, Phra Khanong, Khlong Toei, Bangkok 10110, Thailand","https://serpapi.com/search.json?engine=google_maps&google_domain=google.com&hl=en&place_id=ChIJEVF0-7qf4jARgRuq03ZbcCs","5","265","NORMAL","","","7"
"Hato Home ฮาโตะ โฮม pet clinic/pet grooming/pet park","pet grooming Bangkok","https://www.hatopetwellness.com/","+66 65 524 9642","Sukhumvit 71, Khwaeng Phra Khanong Nuea, Watthana, Bangkok 10110, Thailand","https://serpapi.com/search.json?engine=google_maps&google_domain=google.com&hl=en&place_id=ChIJP9KbdHKf4jARlc9mqDmGlrM","4.7","132","NORMAL","","","9"
"Captain Quint Paradise สาขา CDC Pet Grooming & Spa","pet grooming Bangkok","","+66 95 929 2497","Crystal Design Center, Klongjan, Khwaeng Khlong Chan, Khet Bang Kapi, Bangkok 10240, Thailand","https://serpapi.com/search.json?engine=google_maps&google_domain=google.com&hl=en&place_id=ChIJO4C_ZGCd4jAR8q2CV5SZL1s","4.8","77","HIGH","","",""
"Pawmehome อาบน้ำตัดขนหมา grooming services & dog day care & dog training center & boarding dog hotel","pet grooming Bangkok","http://www.pawmehomeofficial.com/","+66 95 286 4664","321, 56 Soi Nang Linchi 8, Chong Nonsi, Yan Nawa, Bangkok 10120, Thailand","https://serpapi.com/search.json?engine=google_maps&google_domain=google.com&hl=en&place_id=ChIJMVjtLxWf4jARLBlY-OycPTY","4.9","35","NORMAL","","","7"
"Bark lounge","pet grooming Bangkok","","+66 97 026 6171","8, 3 Sukhumvit 49, Khlong Tan Nuea, Watthana, Bangkok 10110, Thailand","https://serpapi.com/search.json?engine=google_maps&google_domain=google.com&hl=en&place_id=ChIJPTdllAaf4jARtaArTgLeGnM","4.9","48","HIGH","","",""
"Wigglyville Grooming","pet grooming Bangkok","https://lin.ee/YfHHaIZ","+66 92 250 7556","55 (หลัง ห้างพาราไดซ์พาร์ค, 59/5 Srinagarindra Rd, Khwaeng Nong Bon, Khet Prawet, Bangkok 10250, Thailand","https://serpapi.com/search.json?engine=google_maps&google_domain=google.com&hl=en&place_id=ChIJuy5_JtZhHTERPPEaXVlxRsk","4.7","114","NORMAL","","","10"
"Ofu Ofu pet spa","pet grooming Bangkok","","+66 94 648 6556","no.A106, Nirvana Porch Krungthep Room, 15 Srinagarindra - Rom Klao Rd, Tubchang, Saphansung, Bangkok 10250, Thailand","https://serpapi.com/search.json?engine=google_maps&google_domain=google.com&hl=en&place_id=ChIJS1z9htBhHTERV1d-GoC0pdI","4.9","102","HIGH","","",""
"Happy tails house Pet hotel & Grooming","pet grooming Bangkok","https://liff.line.me/1645278921-kWRPP32q/?accountId=happytailshouse","+66 95 343 9633","810/11 Sukhumvit Rd, Khlong Tan Nuea, Watthana, Bangkok 10110, Thailand","https://serpapi.com/search.json?engine=google_maps&google_domain=google.com&hl=en&place_id=ChIJoViVaACf4jARoM25bQrrw2Q","4.9","79","HIGH","","",""
"WaggyTails BKK","pet grooming Bangkok","https://linktr.ee/waggytails.bkk","+66 82 643 9998","10 Rama IX Soi 54, Khwaeng Suan Luang, Suan Luang, Bangkok 10250, Thailand","https://serpapi.com/search.json?engine=google_maps&google_domain=google.com&hl=en&place_id=ChIJmaqjp69hHTERVL_ieAA8ReU","4.9","79","NORMAL","","","10"
"Susie’s Pet Grooming & Spa อาบน้ำตัดขนสุนัข-แมว","pet grooming Bangkok","https://www.facebook.com/share/1CKhu6hZfJ/?mibextid=wwXIfr","+66 82 013 8630","123/386 Golden Town Sathorn, Bangkhuntien, Chom Thong, Bangkok 10150, Thailand","https://serpapi.com/search.json?engine=google_maps&google_domain=google.com&hl=en&place_id=ChIJqfXJ5D2Z4jARw6K7Q52IT9w","5","32","NORMAL","","","10"
"PAWFESSIONALS Grooming Spa & Pet shop","pet grooming Bangkok","https://www.facebook.com/pawfessionalsgroomingandpetshop/","+66 89 846 6564","1175, 1177 ซอย มโนรม, Khlong Tan, Khlong Toei, Bangkok 10110, Thailand","https://serpapi.com/search.json?engine=google_maps&google_domain=google.com&hl=en&place_id=ChIJsz-qdwmf4jARlgX9JDHikEE","4.5","177","NORMAL","","","10"
"Riko Dog Clean ริโกะ ด็อกคลีน อาบน้ำ ตัดขน สปา กรุงเทพกรีฑา รามคำแหง","pet grooming Bangkok","","+66 93 350 8600","Today Community mall, Shop I4, Market, Krungthep Kritha 7 Alley, Lane 1-2, Hua Mak, Bang Kapi, Bangkok 10240, Thailand","https://serpapi.com/search.json?engine=google_maps&google_domain=google.com&hl=en&place_id=ChIJa-QulZ1hHTERAB1LkzixFAs","5","65","HIGH","","",""
"Phloen Paws Grooming","pet grooming Bangkok","","+66 92 369 8928","89 Soi Ruamrudee Community, Lumphini, Pathum Wan, Bangkok 10330, Thailand","https://serpapi.com/search.json?engine=google_maps&google_domain=google.com&hl=en&place_id=ChIJJWpJZQCf4jAR5tpaKQ8h3_s","5","6","HIGH","","",""
"DOGGO / Rolly Pups Thailand","pet grooming Bangkok","https://www.doggobkk.com/","+66 88 924 9622","73 Pridi Banomyong 26 Alley, เเขวงคลองตันเหนือ Watthana, Bangkok 10110, Thailand","https://serpapi.com/search.json?engine=google_maps&google_domain=google.com&hl=en&place_id=ChIJi35bUNKf4jARcq66xij7kRA","4.7","45","NORMAL","","","error"
"White Lotus Thai Cooking and Flower Garland Class in Bangkok","cooking class Bangkok","https://lotusthai3.com/","+66 63 808 8760","Pak Klong Talad, ชั้นที่ 2, 390/18 Ban Mo, Wang Burapha Phirom, Phra Nakhon, Bangkok 10200, Thailand","https://serpapi.com/search.json?engine=google_maps&google_domain=google.com&hl=en&place_id=ChIJE2p4AReZ4jARY4KCfKUGRPk","5","882","NORMAL","","","7"
"House of Taste Thai Cooking School, Sukhumvit 4","cooking class Bangkok","http://www.houseoftastecooking.com/","+66 93 392 3615","147/4, Sukhumvit 4, Samahan Aly, Khlong Toei, Bangkok 10110, Thailand","https://serpapi.com/search.json?engine=google_maps&google_domain=google.com&hl=en&place_id=ChIJj-u99g-f4jAR7jxddIUq5Hg","5","2262","NORMAL","","","7"
"Siamese Cookery House Bangkok Thai Cooking Class","cooking class Bangkok","https://www.cookly.me/by/siamese-cookery-house/?utm_source=google_business_website","+66 63 461 4964","Thailand, Krung Thep Maha Nakhon, Huai Khwang, Bangkok, Pracha Rat Bamphen 7 Alley, Lane 2, 邮政编码: 10310","https://serpapi.com/search.json?engine=google_maps&google_domain=google.com&hl=en&place_id=ChIJoeTbU9Sd4jARIOyYtRcfdn4","5","322","NORMAL","","","10"
"Mahanakorn Thai Cooking Class","cooking class Bangkok","https://www.mahanakornthaicookingclass.com/","+66 81 656 1619","139, 35 Ratchamongkhon Prasat 5 Alley, Pak Khlong Phasi Charoen, Phasi Charoen, Bangkok 10160, Thailand","https://serpapi.com/search.json?engine=google_maps&google_domain=google.com&hl=en&place_id=ChIJJSG-LgCZ4jARe-3VX8zd0Q0","5","177","NORMAL","","","9"
"Bangkok Thai Cooking Academy","cooking class Bangkok","https://bangkokthaicookingacademy.com/","+66 81 915 4919","1979, 12-14 ซอย สุขุมวิท 75/1, Phra Khanong Nuea, Watthana, Bangkok 10260, Thailand","https://serpapi.com/search.json?engine=google_maps&google_domain=google.com&hl=en&place_id=ChIJ0w1i6_qe4jARAqeL4QbuNTI","4.7","209","NORMAL","","","10"
"Sompong Thai Cooking School","cooking class Bangkok","http://www.sompongthaicookingschool.com/","+66 84 779 8066","2, 6-2/7 Waiti, Si Lom, Bang Rak, Bangkok 10500, Thailand","https://serpapi.com/search.json?engine=google_maps&google_domain=google.com&hl=en&place_id=ChIJ20B8VtKY4jARtecC9sLeVng","5","2318","NORMAL","","","8"
"Chef LeeZ Cooking Class Bangkok and market visit","cooking class Bangkok","http://www.chefleez.com/","+66 86 568 1311","4/488 Serithai Road, Seri Thai 57 Alley, Bueng Kum, 10240, Thailand","https://serpapi.com/search.json?engine=google_maps&google_domain=google.com&hl=en&place_id=ChIJpZ7mNGyZ4jARul6KL14SCEw","4.9","110","NORMAL","","","7"
"Pink Chili - Thai Cooking School in Bangkok - Thai Cooking Class","cooking class Bangkok","https://www.cookingschoolbangkok.com/","+66 95 820 8659","On Nut 2 Alley, Khwaeng Phra Khanong Nuea, Watthana, Bangkok 10110, Thailand","https://serpapi.com/search.json?engine=google_maps&google_domain=google.com&hl=en&place_id=ChIJ-WfbIMKf4jARy2aiuE0DT10","4.7","179","NORMAL","","","10"
"Maliwan Thai Cooking Class","cooking class Bangkok","https://www.maliwancooking.com/","+66 2 107 5825","9 Thanon Sap Sam Hang, Talat Yot, Phra Nakhon, Bangkok 10200, Thailand","https://serpapi.com/search.json?engine=google_maps&google_domain=google.com&hl=en&place_id=ChIJJy5B5WyZ4jARnHPUg8HHJok","5","252","NORMAL","","","6"
"House of Taste Thai Cooking School, Suan Phlu, Sathon","cooking class Bangkok","https://www.houseoftastecooking.com/","+66 93 392 3615","33 Thanon Suan Phlu, Thung Maha Mek, Sathon, Bangkok 10120, Thailand","https://serpapi.com/search.json?engine=google_maps&google_domain=google.com&hl=en&place_id=ChIJDTo2nHuf4jARrr61x7NIO40","5","789","NORMAL","","","10"
"Arun Thai Cooking","cooking class Bangkok","http://www.arunthaicooking.com/","+66 96 924 6141","24/42 Itsaraphap Rd, Wat Arun, Bangkok Yai, Bangkok 10600, Thailand","https://serpapi.com/search.json?engine=google_maps&google_domain=google.com&hl=en&place_id=ChIJHfJbme-Z4jARFWR-FqP5AKY","5","280","NORMAL","","","7"
"Silom Thai Cooking School","cooking class Bangkok","http://www.silomthaicooking.com/","+66 84 726 5669","เลขที่ 6/14 Decho Rd, Suriya Wong, Bang Rak, Bangkok 10500, Thailand","https://serpapi.com/search.json?engine=google_maps&google_domain=google.com&hl=en&place_id=ChIJn-AoPI-Z4jARtt9oYpx6AXE","4.9","937","HIGH","","",""
"Cooking with Poo and Friends","cooking class Bangkok","http://www.cookingwithpoo.com/","+66 87 686 3714","100/103, Khlong Tan, Khlong Toei, Bangkok 10110, Thailand","https://serpapi.com/search.json?engine=google_maps&google_domain=google.com&hl=en&place_id=ChIJccmG85-f4jARxJQkLgRymlY","5","112","NORMAL","","","7"
"Tingly Thai Cooking School","cooking class Bangkok","https://www.tinglythaicookingschool.com/","+66 96 262 5956","Suriyawong, 17/1 Prachum Alley, Khwaeng Suriya Wong, Khet Bang Rak, Bangkok 10500, Thailand","https://serpapi.com/search.json?engine=google_maps&google_domain=google.com&hl=en&place_id=ChIJ25g-hISZ4jARhRtwhsfC4HM","5","1861","NORMAL","","","10"
"Sabieng Thai Cooking School","cooking class Bangkok","http://www.sabiengcooking.com/","+66 61 663 5997","318, 32-33 Sukhumvit Alley 22, Khlong Toei, Bangkok 10110, Thailand","https://serpapi.com/search.json?engine=google_maps&google_domain=google.com&hl=en&place_id=ChIJj8lZK1yf4jAR4j6NRR-JjYQ","5","385","NORMAL","","","7"
"The Food School Bangkok","cooking class Bangkok","https://thefoodschool.com/","+66 2 150 8787","BLOCK 28 Building E, 936 ซ. จุฬาลงกรณ์ 9, Wang Mai, Pathum Wan, Bangkok 10330, Thailand","https://serpapi.com/search.json?engine=google_maps&google_domain=google.com&hl=en&place_id=ChIJvb_ezfWZ4jAR_KdU-KWc3HI","4.5","86","NORMAL","","","10"
"Cooking Class Bangkok","cooking class Bangkok","https://cookingclassbkk.com/","+66 87 492 2684","Building, Unit P01, Glas Haus, 1, 25 ซ. พร้อมมิตร, Khlong Tan, Bangkok 10110, Thailand","https://serpapi.com/search.json?engine=google_maps&google_domain=google.com&hl=en&place_id=ChIJFYaB5KQCqEgRwVQsuq7rVpM","5","25","NORMAL","","","10"
"A Little Something (Sukhumvit 49) Cooking School for Kids & Family","cooking class Bangkok","http://www.a-littlesomething.com/","+66 89 142 1108","Racquet Club Building 4, 2nd Floor, 165 Sukhumvit 49, Khlongton-nuer, Watthana, Bangkok 10110, Thailand","https://serpapi.com/search.json?engine=google_maps&google_domain=google.com&hl=en&place_id=ChIJOakfiVWe4jARzVHbNy6VgAg","4.9","25","NORMAL","","","6"
"Thai Homecooking","cooking class Bangkok","http://www.thaihomecooking.com/","+66 81 455 5808","364 Sukhumvit 79 Alley, Khwaeng Phra Khanong Nuea, Phra Khanong, Bangkok 10260, Thailand","https://serpapi.com/search.json?engine=google_maps&google_domain=google.com&hl=en&place_id=ChIJAWRhR-uf4jAROdlG82UjaRE","4.7","30","NORMAL","","","5"
"The Esquire Barber Club - One Bangkok","barber shop Bangkok","","+66 82 696 4525","อาคาร One Bangkok Tower3, Witthayu Rd, Lumphini, Pathum Wan, Bangkok 10330, Thailand","https://serpapi.com/search.json?engine=google_maps&google_domain=google.com&hl=en&place_id=ChIJ4_KRaACf4jARHZSIj-CjtVE","4.9","638","HIGH","","",""
"Bangkok Kropper Barber Shop","barber shop Bangkok","","+66 92 905 0509","Bangkok kropper Barber Shop, 33 Sukhumvit Rd, Khlong Toei, Bangkok 10110, Thailand","https://serpapi.com/search.json?engine=google_maps&google_domain=google.com&hl=en&place_id=ChIJPdCLLwCf4jARWnweQgp5PC4","4.9","577","HIGH","","",""
"TWENTY.TWO CUT - BARBERSHOP & FACIAL BAR BANGKOK","barber shop Bangkok","https://www.twentytwocut.com/","+66 95 532 0002","318, 318/2 Sukhumvit Alley 22, Road, Klongtoey, Bangkok 10110, Thailand","https://serpapi.com/search.json?engine=google_maps&google_domain=google.com&hl=en&place_id=ChIJ6R-_BKaf4jARvwiZVD-Blbs","4.9","253","NORMAL","","","10"
"Crossroads Barbers (Bangkok - Sathorn)","barber shop Bangkok","http://www.crossroadsbarbers.com/","+66 2 678 7788","103 Nanglinchee Rd, Thung Maha Mek, Sathon, Bangkok 10120, Thailand","https://serpapi.com/search.json?engine=google_maps&google_domain=google.com&hl=en&place_id=ChIJbyKH5Emf4jAR_QL2wRQ-d5s","4.9","705","NORMAL","","","8"
"TRIMM Barbershop","barber shop Bangkok","https://linktr.ee/trimmbarber","+66 81 065 1216","1505 Rama IV Rd, Wang Mai, Pathum Wan, Bangkok 10330, Thailand","https://serpapi.com/search.json?engine=google_maps&google_domain=google.com&hl=en&place_id=ChIJk6SBVf-Z4jARNEshLjekEEc","4.9","577","NORMAL","","","10"
"Tew's Barber Shop Ekamai","barber shop Bangkok","https://tewsbarbershop.com/","+66 2 714 2958","33/32 ถนน เอกมัย ซอย สุขุมวิท 63, Khlong Tan Nuea, Watthana, Bangkok 10110, Thailand","https://serpapi.com/search.json?engine=google_maps&google_domain=google.com&hl=en&place_id=ChIJQe4gSKWf4jARXxB_90ZaiaU","4.8","445","NORMAL","","","9"
"Hair & Stache Barbershop","barber shop Bangkok","http://fb.com/hairandstache","+66 63 536 3652","2nd Floor, On Nut Plaza, 77 Sukhumvit Rd, Bangkok 10250, Thailand","https://serpapi.com/search.json?engine=google_maps&google_domain=google.com&hl=en&place_id=ChIJ5e4PET-f4jARS1wXWqGxcXw","4.9","418","NORMAL","","","8"
"Kutz Barber Shop - Sukhumvit 39 - OG","barber shop Bangkok","https://kutzbkk.com/","+66 62 597 8817","181, 9 Sukhumvit 39, KLONGTON NUA, Watthana, Bangkok 10110, Thailand","https://serpapi.com/search.json?engine=google_maps&google_domain=google.com&hl=en&place_id=ChIJobM8nwCf4jARDUCdLOS19g8","4.8","275","NORMAL","","","10"
"9 LIMIT CUT BARBERSHOP","barber shop Bangkok","https://m.facebook.com/9limit-cut-788626254520645/","+66 97 265 4114","Metro Mall Sukhumvit MRT, Asok Montri Rd, Khlong Toei Nuea, Watthana, Bangkok 10110, Thailand","https://serpapi.com/search.json?engine=google_maps&google_domain=google.com&hl=en&place_id=ChIJRYhWZOOe4jAR8MF6cqFvtcU","4.6","411","HIGH","","",""
"Fijii Cuts Barbershop (Asoke)","barber shop Bangkok","https://www.fijiicuts.co/#","+66 61 058 0127","5th Floor, 160 Soi Sukhumvit 16, Khwaeng Khlong Toei, Khlong Toei, Bangkok 10110, Thailand","https://serpapi.com/search.json?engine=google_maps&google_domain=google.com&hl=en&place_id=ChIJR00WI06f4jARatWdul2VLsI","4.8","347","NORMAL","","","10"
"Tew's Barber Phrom Phong","barber shop Bangkok","https://tewsbarbershop.com/","+66 97 919 5654","Soi Sukhumvit 33/1, Khwaeng Khlong Tan Nuea, Watthana, Bangkok 10110, Thailand","https://serpapi.com/search.json?engine=google_maps&google_domain=google.com&hl=en&place_id=ChIJ48jLVV6f4jARwQsEyKxw_iM","4.6","181","NORMAL","","","9"
"Black Amber Barber Shop (Thonglor Branch)","barber shop Bangkok","https://www.blackamber.co/","+66 81 869 9393","Khwaeng Khlong Tan Nuea, Watthana, Bangkok 10110, Thailand","https://serpapi.com/search.json?engine=google_maps&google_domain=google.com&hl=en&place_id=ChIJ102ziKyf4jARxAad1WI0GhU","4.6","634","NORMAL","","","10"
"GUYNU 1- กายนู The Barber Shop","barber shop Bangkok","https://www.instagram.com/guynu_barber?igsh=dDBwNmsxNWljcmQ%3D&utm_source=qr","+66 99 665 5090","1 Soi Naradhiwas Rajanagarindra 1, Suriya Wong, Bang Rak, Bangkok 10500, Thailand","https://serpapi.com/search.json?engine=google_maps&google_domain=google.com&hl=en&place_id=ChIJoZMTRdOY4jAR0-FZMPUbIu8","4.7","198","NORMAL","","","9"
"Istanbul Barber Bkk.","barber shop Bangkok","https://istanbulbarbershop.com/","+66 98 320 7009","88 Soi sukhumvit 19 2nd London floor Terminal, 21 Street 3/2, Khlong Toei Nuea, Thawi Watthana, Bangkok 10110, Thailand","https://serpapi.com/search.json?engine=google_maps&google_domain=google.com&hl=en&place_id=ChIJ90wHV5dhHTERk3i0RT0WHrI","4.6","408","NORMAL","","","10"
"Black Amber Barber Shop (Sathorn Branch)","barber shop Bangkok","https://www.blackamber.co/","+66 64 936 9595","M Floor, Empire Tower South Sathorn Road Yannawa, Sathon, Bangkok 10120, Thailand","https://serpapi.com/search.json?engine=google_maps&google_domain=google.com&hl=en&place_id=ChIJl-pq6oKf4jARXFwsY2svPOU","4.7","289","NORMAL","","","10"
"The Craft Cut - Barber Shop & Brews","barber shop Bangkok","","+66 94 229 2996","Soi Silom 5, Si Lom, Khet Bang Rak, Bangkok 10500, Thailand","https://serpapi.com/search.json?engine=google_maps&google_domain=google.com&hl=en&place_id=ChIJO2suXaSZ4jARtsmQvErvoa0","5","44","HIGH","","",""
"The Esquire Barber Club (Asoke)","barber shop Bangkok","https://theesquirebarber.simplybook.asia/v2/","+66 91 942 4699","88, 1 Soi Sukhumvit 23, Khwaeng Khlong Toei Nuea, Watthana, Bangkok 10110, Thailand","https://serpapi.com/search.json?engine=google_maps&google_domain=google.com&hl=en&place_id=ChIJEyf7XFGf4jAR2jHZ5i_COug","4.8","466","NORMAL","","","10"
"ร้านตัดผมชาย Wong Barber Shop","barber shop Bangkok","https://www.facebook.com/profile.php?id=100035553110622","+66 61 625 5263","38 Thanon Phat Phong, Suriya Wong, Bang Rak, Bangkok 10500, Thailand","https://serpapi.com/search.json?engine=google_maps&google_domain=google.com&hl=en&place_id=ChIJUUYPuOaf4jARxsyQ-iKz-B8","4.9","256","NORMAL","","","10"
"retro BARBER SHOP","barber shop Bangkok","","+66 94 408 4949","ใกล้ทางขึ้นโต๊ะสนุ๊กเกอร์, 69/8 ตลาดสด, 46 Charoen Krung 44 Alley, Bang Rak, Bangkok 10500, Thailand","https://serpapi.com/search.json?engine=google_maps&google_domain=google.com&hl=en&place_id=ChIJMwT0Hz6Z4jARdSqPMXoJe1s","4.9","161","HIGH","","",""
"Almas Barber - Nana Square صالون الماس‎","barber shop Bangkok","","+66 87 171 7236","Nana Square, Soi Sukhumvit 3, Khlong Toei Nuea, Watthana, Bangkok 10110, Thailand","https://serpapi.com/search.json?engine=google_maps&google_domain=google.com&hl=en&place_id=ChIJuSPpguee4jARkO1G_dzboXY","4.4","227","HIGH","","",""
"GEMS GALLERY Bangkok","jewelry store Bangkok","http://www.gems-gallery.com/","+66 2 271 0150","198/23-24 Rama 6 Road, Phayathai, Bangkok 10400, Thailand","https://serpapi.com/search.json?engine=google_maps&google_domain=google.com&hl=en&place_id=ChIJX2g68Kqe4jARyBnVNCd7-yA","4.5","5213","HIGH","","",""
"The Best Gems @ InterContinental Bangkok","jewelry store Bangkok","http://www.thebestgemsgroup.com/","+66 2 656 0130","41-42 President Arcade (Intercontinental Bangkok Hotel), Lobby Ploenchit Road, Lumpini Pathumwan, Bangkok 10330, Thailand","https://serpapi.com/search.json?engine=google_maps&google_domain=google.com&hl=en&place_id=ChIJsaKkrdqe4jARgzG3zuPXz0Y","5","21","NORMAL","","","7"
"Above Diamond @ Siam Square One Fl.3","jewelry store Bangkok","https://abovediamond.com/","+66 80 964 6654","Unit SS #3031, 388 Rama I Rd, Khwaeng Pathum Wan, Pathum Wan, Bangkok 10330, Thailand","https://serpapi.com/search.json?engine=google_maps&google_domain=google.com&hl=en&place_id=ChIJkyq3hjOf4jARrFkyfVCO-Oo","5","181","NORMAL","","","9"
"Venus Jewellery","jewelry store Bangkok","http://www.venus-thailand.com/","+66 2 253 9559","167/1-2 Witthayu Rd, Lumphini, Pathum Wan, Bangkok 10330, Thailand","https://serpapi.com/search.json?engine=google_maps&google_domain=google.com&hl=en&place_id=ChIJ12zE2Caf4jARL6a2S2Z6SD4","4.6","85","HIGH","","",""
"Ek Seng Heng Goldsmith","jewelry store Bangkok","http://www.facebook.com/eksenghenggoldsmith","+66 2 853 9433","444 Room 2B 51-52, 2nd Floor, MBK Center, Phyathai road, Pathumwan, Bangkok 10330, Thailand","https://serpapi.com/search.json?engine=google_maps&google_domain=google.com&hl=en&place_id=ChIJFdh7s9Ke4jARqojN96n23Bk","4.9","185","NORMAL","","","8"
"ห้างเพชร หลีเสง LEE SENG JEWELRY","jewelry store Bangkok","http://www.lsjewelrygroup.com/","+66 2 629 1444","177 Phra Sumen Rd, Talat Yot, Phra Nakhon, Bangkok 10200, Thailand","https://serpapi.com/search.json?engine=google_maps&google_domain=google.com&hl=en&place_id=ChIJwXGYrG2Z4jARiKy_VUksFb8","5","1564","NORMAL","","","7"
"NGG Jewellery Central World 1st Floor","jewelry store Bangkok","http://www.nggjewellery.com/","+66 2 005 8282","4,4/1-4/2,4/4 Central World, Ratchadamri Rd, Pathum Wan, Bangkok 10330, Thailand","https://serpapi.com/search.json?engine=google_maps&google_domain=google.com&hl=en&place_id=ChIJCRmWyM-e4jARdytU9k_H4c8","4.9","190","NORMAL","","","7"
"S.Diamond","jewelry store Bangkok","http://www.sdiamondth.com/","+66 92 871 9494","1st Floor, Groove Zone, Central World, Ratchadamri Rd, Pathum Wan, Bangkok 10330, Thailand","https://serpapi.com/search.json?engine=google_maps&google_domain=google.com&hl=en&place_id=ChIJ6-wjts-e4jARyOkW6YK4zzY","5","817","NORMAL","","","8"
"Rah Jewellery","jewelry store Bangkok","https://rahdiamond.com/","+66 80 651 6158","504 ชั้น 3, ห้าง เดอะเมอร์คิวรี้ แอท, Chit Lom Rd, Lumphini, Pathum Wan, Bangkok 10330, Thailand","https://serpapi.com/search.json?engine=google_maps&google_domain=google.com&hl=en&place_id=ChIJbYxQhH-f4jARltthAo36vlo","4.9","108","NORMAL","","","10"
"Juerix Jewellery Co., ltd.","jewelry store Bangkok","","+66 90 614 9380","Jewellery Trade Center, Si Lom Rd, Si Lom, Bang Rak, Bangkok 10500, Thailand","https://serpapi.com/search.json?engine=google_maps&google_domain=google.com&hl=en&place_id=ChIJAwLpoZeY4jARTmICyyhu-vs","5","47","HIGH","","",""
"Gems Pavilion Siam Paragon Boutique","jewelry store Bangkok","https://gemspavilion.com/","+66 2 129 4400","Siam Paragon,1st Floor, No. 132, 991 Rama I Rd, Patumwan, Bangkok 10330, Thailand","https://serpapi.com/search.json?engine=google_maps&google_domain=google.com&hl=en&place_id=ChIJmX86-M2e4jARC6YAz_vlo74","5","70","NORMAL","","","9"
"Bangkok Gems & Jewelry","jewelry store Bangkok","","+91 88498 79006","322 Surawong Rd, Si Phraya, Bang Rak, Bangkok 10500, Thailand","https://serpapi.com/search.json?engine=google_maps&google_domain=google.com&hl=en&place_id=ChIJ3eg09tCY4jARmpfXc3gHSZo","4.5","23","HIGH","","",""
"Johny's Gems Brother Ltd., Part","jewelry store Bangkok","","+66 2 224 4065","197-199 Fuengnakorn Road Wangburapabhirom, Phranakorn, Bangkok 10200, Thailand","https://serpapi.com/search.json?engine=google_maps&google_domain=google.com&hl=en&place_id=ChIJ-RrTK2yZ4jAR9UTmLvrGY0E","4.9","31","HIGH","","",""
"JADE FOR YOU","jewelry store Bangkok","","+66 91 852 6746","187, 8 Sarasin Rd, Lumphini, Pathum Wan, Bangkok 10330, Thailand","https://serpapi.com/search.json?engine=google_maps&google_domain=google.com&hl=en&place_id=ChIJN48rJT6f4jARoADQ6z8TfNY","4.9","762","HIGH","","",""
"Nine Gems Jewelry","jewelry store Bangkok","http://www.ninegemsjewelry.com/","+66 2 656 1089","Gaysorn Centre, ชั้น 3 999 Phloen Chit Rd, Lumphini, Pathum Wan, Bangkok 10330, Thailand","https://serpapi.com/search.json?engine=google_maps&google_domain=google.com&hl=en&place_id=ChIJj9N-6GOf4jARwtGRf82IJ4A","5","40","NORMAL","","","7"
"Lukfook Jewellery Bangkok 六福珠宝曼谷","jewelry store Bangkok","https://www.facebook.com/lukfookjewellerythailand","+66 61 029 5288","Central World, 1st Floor, B112 - B113 4, 5 Ratchadamri Rd, Pathum Wan, Bangkok 10330, Thailand","https://serpapi.com/search.json?engine=google_maps&google_domain=google.com&hl=en&place_id=ChIJlUVmn8Wf4jARf25lCYZHCQ8","4.5","15","NORMAL","","","10"
"SAAD Silver Jewelry & Leather (Bangkok Official Store)","jewelry store Bangkok","https://saadjapan.com/","+66 81 755 8289","1212 ถ. เจริญกรุง, Khwaeng Bang Rak, Khet Bang Rak, Bangkok 10500, Thailand","https://serpapi.com/search.json?engine=google_maps&google_domain=google.com&hl=en&place_id=ChIJiwjBsNrogysRAtIA-qM7ols","5","22","NORMAL","","","9"
"Asia Lounges Exclusive Jewelry Bangkok","jewelry store Bangkok","http://www.asialounges.com/","+66 89 510 3019","41, 26 Silom 19 Alley, Si Lom, Bang Rak, Bangkok 10500, Thailand","https://serpapi.com/search.json?engine=google_maps&google_domain=google.com&hl=en&place_id=ChIJhwWEzUuZ4jAR9k2x45IslCg","5","47","NORMAL","","","8"
"Kongka Jewelry","jewelry store Bangkok","http://www.facebook.com/kongkajewelry","+66 2 224 5337","312, 314 Yaowarat Rd, Chakkrawat, Samphanthawong, Bangkok 10100, Thailand","https://serpapi.com/search.json?engine=google_maps&google_domain=google.com&hl=en&place_id=ChIJNRUjByKZ4jARt5fQD1kay1s","5","17","NORMAL","","","8"
"THOMPSON JEWELRY","jewelry store Bangkok","http://www.thompson-jewelry.com/","+66 2 259 3455","392/4-5 Sukhumvit Rd, Khwaeng Khlong Toei, Khlong Toei, Bangkok 10110, Thailand","https://serpapi.com/search.json?engine=google_maps&google_domain=google.com&hl=en&place_id=ChIJAUYhMx2f4jARfe-z5Cy_6aM","4.8","52","NORMAL","","","7"
"Medical School of Massage","massage school Bangkok","http://watpomassage.com/","+66 86 563 6255","392, 33-34 Sanam Chai Rd, Phra Borom Maha Ratchawang, Phra Nakhon, Bangkok 10200, Thailand","https://serpapi.com/search.json?engine=google_maps&google_domain=google.com&hl=en&place_id=ChIJycuCtgiZ4jARmjRc46ADRzQ","4.9","782","NORMAL","","","8"
"Po Thai Traditional Massage School Sukhumvit Branch","massage school Bangkok","http://watpo-school.com/","+66 2 261 0567","1, 54-55 Sukhumvit 39, Khlong Tan Nuea, Watthana, Bangkok 10110, Thailand","https://serpapi.com/search.json?engine=google_maps&google_domain=google.com&hl=en&place_id=ChIJj5mLvQGf4jARjnI01ko6qj0","4.2","679","NORMAL","","","7"
"Original Watpo Massage - Tha Tien","massage school Bangkok","http://www.watpomassage.com/","+66 86 317 5562","59, 392/51, 60 Maha Rat Rd, Phra Borom Maha Ratchawang, Phra Nakhon, Bangkok 10200, Thailand","https://serpapi.com/search.json?engine=google_maps&google_domain=google.com&hl=en&place_id=ChIJyWpUaQWZ4jAR8VsGRiJK3YQ","4.6","2054","NORMAL","","","8"
"Watpo & Chetawan Thai Traditional Medical and Massage School","massage school Bangkok","http://www.watpomassage.com/","+66 86 368 3841","392, 33-34 Maha Rat Rd, Phra Borom Maha Ratchawang, Phra Nakhon, Bangkok 10200, Thailand","https://serpapi.com/search.json?engine=google_maps&google_domain=google.com&hl=en&place_id=ChIJpZGTSASZ4jARURvWDq4zqVA","4.4","341","NORMAL","","","8"
"TTC Massage, Bangkok","massage school Bangkok","https://ttcspaschoolbkk.com/","+66 81 024 6577","1617 New, Makkasan, Ratchathewi, Bangkok 10400, Thailand","https://serpapi.com/search.json?engine=google_maps&google_domain=google.com&hl=en&place_id=ChIJz4MDYxCf4jAR8wwrMUY7H_E","4.6","84","NORMAL","","","9"
"(Thai Yoga & Healing Art Training Center)","massage school Bangkok","http://www.yogamassageschool.com/","+66 81 560 9084","802, 25 Soi Pradu, Bang Kho Laem, Bangkok 10120, Thailand","https://serpapi.com/search.json?engine=google_maps&google_domain=google.com&hl=en&place_id=ChIJp9mWEp-Y4jARkrLUok-qOw4","5","141","NORMAL","","","8"
"Lek Massage Academy","massage school Bangkok","https://m.facebook.com/lekacademy/","+66 2 032 9696","390, 5 Sukhumvit Rd, Khwaeng Khlong Toei, Khet Khlong Toei, Bangkok 10110, Thailand","https://serpapi.com/search.json?engine=google_maps&google_domain=google.com&hl=en&place_id=ChIJ3X8wijqf4jARDWPh55bE6cY","4.8","13","HIGH","","",""
"Chiva-Som International Academy ชีวาศรม อินเตอร์เนชั่นแนล อะคาเดมี","massage school Bangkok","http://www.chivasomacademy.com/","+66 2 711 5270","Ground Floor Modern Town Building, 87/104 Soi Sukhumvit 63, Khlong Tan Nuea, Watthana, Bangkok 10110, Thailand","https://serpapi.com/search.json?engine=google_maps&google_domain=google.com&hl=en&place_id=ChIJkeIuVQef4jAREX2KVdTQVQ4","4.9","46","NORMAL","","","error"
"Massage by Master","massage school Bangkok","https://facebook.com/massagebymaster","+66 97 272 9418","99, 6 Srinagarindra 43 Alley, Nong Bon, Prawet, Bangkok 10250, Thailand","https://serpapi.com/search.json?engine=google_maps&google_domain=google.com&hl=en&place_id=ChIJif711wyZ4jARyb_9Q9hjLfc","5","143","NORMAL","","","10"
"Pian Massage Training Course","massage school Bangkok","","+66 83 575 0424","207 Khaosan Rd, Talat Yot, Pranakorn, Bangkok 10200, Thailand","https://serpapi.com/search.json?engine=google_maps&google_domain=google.com&hl=en&place_id=ChIJ-YcezRKZ4jARXslb5DuR2R8","5","4","HIGH","","",""
"Pian Massage & Thai Massage School","massage school Bangkok","https://www.facebook.com/pianmassagetraining/","+66 2 629 0924","108/15 Khaosan Rd, Talat Yot, Phra Nakhon, Bangkok 10200, Thailand","https://serpapi.com/search.json?engine=google_maps&google_domain=google.com&hl=en&place_id=ChIJtxyw0hKZ4jARxRRxs2p8o9k","4.4","90","NORMAL","","","10"
"Khru O Massage School","massage school Bangkok","https://www.facebook.com/profile.php?id=100014019042086&mibextid=ZbWKwL","+66 2 292 0194","ห้องเรียนนวดครูอ้อ, 25/2010 ถ. เจริญกรุง, Wat Phraya Krai, Bang Kho Laem, Bangkok 10120, Thailand","https://serpapi.com/search.json?engine=google_maps&google_domain=google.com&hl=en&place_id=ChIJUcXkM1KZ4jAR6o_Oc0dGGz0","4.8","96","NORMAL","","","10"
"Massage Watpo & Chetawan Workshop","massage school Bangkok","http://www.watpomassage.com/","+66 82 063 1589","5 Maha Rat Rd, Phra Borom Maha Ratchawang, Phra Nakhon, Bangkok 10200, Thailand","https://serpapi.com/search.json?engine=google_maps&google_domain=google.com&hl=en&place_id=ChIJCRWKpOmZ4jARCM4KBhoWp6A","5","767","NORMAL","","","8"
"สถาบันวิชาชีพสปากรุงเทพ","massage school Bangkok","https://bangkokspaacademy.com/","+66 86 322 1922","124 Soi Lat Phrao 64, Lane 2, Wang Thonglang, Bangkok 10310, Thailand","https://serpapi.com/search.json?engine=google_maps&google_domain=google.com&hl=en&place_id=ChIJSQlFLd2d4jARQUERws4Oe7g","4.7","16","NORMAL","","","error"
"โรงเรียนพาสุนวดไทยแอนด์สปา ( PASU Nuad Thai And Spa School )","massage school Bangkok","","+66 65 924 5897","76 Thanon Kheha Rom Klao, Rat Phatthana, Saphan Sung, Bangkok 10240, Thailand","https://serpapi.com/search.json?engine=google_maps&google_domain=google.com&hl=en&place_id=ChIJK97vsMtjHTER1BNlNeTjv9g","5","41","HIGH","","",""
"Bangkok School of Beauty and Spa.","massage school Bangkok","http://www.bkk-school.com/","+66 87 566 4800","ริมถนนระหว่าง, 12/1 ซอย ลาดพร้าว 122, Lat Phrao 87 Alley, Lane 2, Wang Thonglang, Bangkok 10310, Thailand","https://serpapi.com/search.json?engine=google_maps&google_domain=google.com&hl=en&place_id=ChIJz_VRMvxhHTERrpOeU3lk884","4.7","15","NORMAL","","","7"
"Nuad Thai Training","massage school Bangkok","https://www.nuadthaischool.com/","+66 81 562 8405","682/7 Sukhumvit Rd, Khlong Tan, Khlong Toei, Bangkok 10110, Thailand","https://serpapi.com/search.json?engine=google_maps&google_domain=google.com&hl=en&place_id=ChIJa8xY692f4jARo2EBz0rnrmk","5","8","NORMAL","","","10"
"Thai Oriental Sports & Massage Academy","massage school Bangkok","http://www.thaiorientalacademy.com/","","Wannasorn building, Phaya Thai Rd, Khwaeng Thanon Phaya Thai, Khet Ratchathewi, Bangkok 10400, Thailand","https://serpapi.com/search.json?engine=google_maps&google_domain=google.com&hl=en&place_id=ChIJuYshPdyd4jARzQ3H2Avr-DU","","","NORMAL","","","7"
"Baimint Spa Academy","massage school Bangkok","https://bsamassage.com/","+66 80 445 6090","Ramkumhang 26/2 @baimint, Huamark Bangkok, 10240, Thailand","https://serpapi.com/search.json?engine=google_maps&google_domain=google.com&hl=en&place_id=ChIJtxJ89x2e4jARIWGqN-UFnOM","4","23","NORMAL","","","8"
"Thai Massage and Spa Academy","massage school Bangkok","","+66 81 375 2200","158 Sukhumvit Rd, Phra Khanong Nuea, Watthana, Bangkok 10110, Thailand","https://serpapi.com/search.json?engine=google_maps&google_domain=google.com&hl=en&place_id=ChIJPbm-Qbif4jAREw0e05IVcEg","5","4","HIGH","","",""
"Aunchalee Boutique","bridal shop Bangkok","https://www.aunchalee.com/","+66 81 808 1915","23/13-14 อาคาร วายเจเอ, Sala Daeng Rd, Si Lom, Bang Rak, Bangkok 10500, Thailand","https://serpapi.com/search.json?engine=google_maps&google_domain=google.com&hl=en&place_id=ChIJpwpGCi-f4jARWgS4feHm4DE","4.9","95","NORMAL","","","9"
"Freesia De L'amour Boutique","bridal shop Bangkok","https://www.freesiawedding.com/","+66 93 910 8773","15 Soi Sukhumvit 3/1, Khlong Toei Nuea, Watthana, Bangkok 10110, Thailand","https://serpapi.com/search.json?engine=google_maps&google_domain=google.com&hl=en&place_id=ChIJ0VWAoCxjHTERI5p8-Jr3tQc","5","12","NORMAL","","","10"
"Alta Bridal","bridal shop Bangkok","https://www.altabridal.com/","+66 86 043 4294","ห้อง E2-14, ดิโอลด์สยามพลาซ่า ชั้น, 2 Phahurat Rd, Khwaeng Wang Burapha Phirom, Phra Nakhon, Bangkok 10200, Thailand","https://serpapi.com/search.json?engine=google_maps&google_domain=google.com&hl=en&place_id=ChIJIZXNP06e4jARuzAgysRqO48","4.8","24","NORMAL","","","10"
"Peter Choo Bridal (by Appointment Only)","bridal shop Bangkok","http://peterchoobangkok.com/","+66 62 294 4949","19 Sukhumvit Soi5 (Lerdsin1 Khlongtoey, Soi Nana Nuea, Watthana, Bangkok 10110, Thailand","https://serpapi.com/search.json?engine=google_maps&google_domain=google.com&hl=en&place_id=ChIJm6EqVfif4jARNwRrtCWFtsI","4.8","57","NORMAL","","","7"
"A-LIST & MORE","bridal shop Bangkok","https://alistandmore.com/","+66 82 429 3737","48 Oriental Ave, Bang Rak, Bangkok 10500, Thailand","https://serpapi.com/search.json?engine=google_maps&google_domain=google.com&hl=en&place_id=ChIJ5XNSlZSZ4jAR5sOCHo9ZuYA","4.7","79","NORMAL","","","10"
"ANANYA COUTURE","bridal shop Bangkok","http://ananyacoutureofficial.com/","+66 63 928 9245","416/5 Soi Thonglor 14 Sukhumvit 55 Road Klongtan-Nua, Watthana, Bangkok 10110, Thailand","https://serpapi.com/search.json?engine=google_maps&google_domain=google.com&hl=en&place_id=ChIJz9EUNWGf4jAR_SB5o2GG404","5","19","NORMAL","","","7"
"Savilerow Wedding Boutique (Appt only)","bridal shop Bangkok","http://www.savilerowweddingboutique.com/","+66 99 289 7471","","https://serpapi.com/search.json?engine=google_maps&google_domain=google.com&hl=en&place_id=ChIJBVM2DhCf4jARL8XzjkKGFPQ","4.7","31","NORMAL","","","7"
"Bride Wholesale","bridal shop Bangkok","http://www.bridewholesale.com/","+66 92 254 5343","ชั้น4 ศูนย์การค้าวอเตอร์เกท ประตูน้ำ, Ratchaprarop Rd, Makkasan, Ratchathewi, Bangkok 10400, Thailand","https://serpapi.com/search.json?engine=google_maps&google_domain=google.com&hl=en&place_id=ChIJ2cvLZZRhHTERZia1w6lZ6nE","4.7","100","NORMAL","","","7"
"Ananya Wedding Dress","bridal shop Bangkok","https://www.facebook.com/Ananyadress272/","+66 82 823 6624","98/272 ม บ้าน กลางเมือง ซ รามคำแหง, ถนน รามคำแหง 39, Phlabphla, Wang Thonglang, Bangkok 10310, Thailand","https://serpapi.com/search.json?engine=google_maps&google_domain=google.com&hl=en&place_id=ChIJibboxRue4jARFaMqxrXcRI0","4.9","12","NORMAL","","","9"
"Bridesmaid(Thailand)","bridal shop Bangkok","http://www.bridesmaidthailand.com/","+66 81 239 7218","Khlong Chan, Bang Kapi, Bangkok 10240, Thailand","https://serpapi.com/search.json?engine=google_maps&google_domain=google.com&hl=en&place_id=ChIJN8IgX4qd4jARRBgb1nb9jY8","5","2","NORMAL","","","7"
"vanus couture วนัชกูตูร์","bridal shop Bangkok","http://www.vanuscouture.com/","+66 2 002 4895","1550, 1552 Lat Phrao Rd, Khwaeng Wang Thonglang, Wang Thonglang, Bangkok 10310, Thailand","https://serpapi.com/search.json?engine=google_maps&google_domain=google.com&hl=en&place_id=ChIJAQsOtMad4jARjsHkuwjgflo","4.8","504","NORMAL","","","7"
"LALEDA Tailor & Dressmaker","bridal shop Bangkok","https://laledatailor.com/","+66 92 264 9544","2705, 1 Rama IV Rd, Khwaeng Khlong Toei, Khlong Toei, Bangkok 10110, Thailand","https://serpapi.com/search.json?engine=google_maps&google_domain=google.com&hl=en&place_id=ChIJ0QWC7eSf4jARTuTBXLz2srw","4.7","75","NORMAL","","","10"
"RASHNI COLLECTIONS Indian Clothing Store, ร้านเสื้อผ้าอินเดีย","bridal shop Bangkok","https://www.facebook.com/share/1E6sfG7Csr/?mibextid=wwXIfr","+66 89 866 7412","2nd floor, India Emporium, 561 Chakkraphet Rd, Wang Burapha Phirom, Phra Nakhon, Bangkok 10200, Thailand","https://serpapi.com/search.json?engine=google_maps&google_domain=google.com&hl=en&place_id=ChIJj7Xs2RuZ4jARFOI8MBp4ZEc","4.8","44","NORMAL","","","10"
"SoL and GRAVITE Flagship Store","bridal shop Bangkok","https://instagram.com/solandgravite?igshid=MzMyNGUyNmU2YQ==","+66 87 712 7123","599, 5 Phatthanakan 32, Suan Luang, Bangkok 10250, Thailand","https://serpapi.com/search.json?engine=google_maps&google_domain=google.com&hl=en&place_id=ChIJx7RghFlhHTERhocxm9jCdiw","5","1","NORMAL","","","9"
"Mesh Museum Atelier","bridal shop Bangkok","https://instagram.com/meshmuseum","+66 86 424 2961","172, 6 Pridi Banomyong 14 Alley, Phra Khanong Nuea, Watthana, Bangkok 10110, Thailand","https://serpapi.com/search.json?engine=google_maps&google_domain=google.com&hl=en&place_id=ChIJ8_gQTp-f4jARF-s0evhJ5wk","5","8","NORMAL","","","9"
"Bangkok Dress Tailor (Dressmaker)","bridal shop Bangkok","https://bangkokdresstailor.com/","+66 2 252 6550","2nd Floor, 118 Ratchaprarop Rd, Khwaeng Thanon Phaya Thai, Khet Ratchathewi, Bangkok 10400, Thailand","https://serpapi.com/search.json?engine=google_maps&google_domain=google.com&hl=en&place_id=ChIJBct4ResMYgoRQO7BMHD0-Fw","5","12","NORMAL","","","10"
"My Suit Bangkok","bridal shop Bangkok","https://mysuitbangkok.co/?utm_source=gbp&utm_medium=organic&utm_campaign=gbp-listing","+66 85 322 4113","419/A Oxford 5, Platinum Fashion Mall, 2nd Floor, Phetchaburi Rd, Bangkok 10400, Thailand","https://serpapi.com/search.json?engine=google_maps&google_domain=google.com&hl=en&place_id=ChIJvybTl_Cj4jARmQwUfLyze6k","4.9","184","NORMAL","","","9"
"Patarasiri","bridal shop Bangkok","http://www.instagram.com/patarasiri/","","21/2 Thong Lo 13 Alley, Khlong Tan Nuea, Watthana, Bangkok 10110, Thailand","https://serpapi.com/search.json?engine=google_maps&google_domain=google.com&hl=en&place_id=ChIJ_-upYIef4jARpSLC0diX_WQ","","","NORMAL","","","7"
"Brooklyn Baker บรุคลิน เบเกอร์","cake shop Bangkok","http://www.bkkbrooklyn.com/","+66 95 669 1422","187/7 Sarasin Rd, Lumphini, Pathum Wan, Bangkok 10330, Thailand","https://serpapi.com/search.json?engine=google_maps&google_domain=google.com&hl=en&place_id=ChIJPQ45jiCf4jARa3brx_QO2ow","4.4","331","NORMAL","","","8"
"Bangkok Baking Company/BBCO","cake shop Bangkok","https://www.marriott.com/en-us/dining/restaurant-bar/bkkdt-jw-marriott-hotel-bangkok/82264-bbco.mi","+66 2 656 7700","JW Marriott Hotel, 4 Sukhumvit Rd, Khlong Toei, Bangkok 10110, Thailand","https://serpapi.com/search.json?engine=google_maps&google_domain=google.com&hl=en&place_id=ChIJXcKUf-ee4jARX3SbNhcv98c","4.7","1542","NORMAL","","","9"
"Platinum Hills (Thong lor)","cake shop Bangkok","https://lin.ee/qZtyoak","+66 94 080 6037","61 Sukhumvit 39, Khwaeng Khlong Tan Nuea, Watthana, Bangkok 10110, Thailand","https://serpapi.com/search.json?engine=google_maps&google_domain=google.com&hl=en&place_id=ChIJJTmkwb-f4jAR11aR6oQJ2aw","4.8","114","NORMAL","","","10"
"Erawan Bakery","cake shop Bangkok","https://www.hyatt.com/en-US/hotel/thailand/grand-hyatt-erawan-bangkok/bangh/dining","+66 2 254 1234","Grand Hyatt Erawan Bangkok LL Floor 494 Rajdamri Road, Bangkok 10330, Thailand","https://serpapi.com/search.json?engine=google_maps&google_domain=google.com&hl=en&place_id=ChIJEXKEetCe4jARIEVuiUYBmxE","4.5","80","HIGH","","",""
"Hobby Cake","cake shop Bangkok","http://www.hobbycake.com/","","381/35, 9 Lat Phrao Rd, Chompol, Chatuchak, Bangkok 10900, Thailand","https://serpapi.com/search.json?engine=google_maps&google_domain=google.com&hl=en&place_id=ChIJa3GFakyc4jARc83DhmLQGcY","5","184","NORMAL","","","7"
"Larna House (official site)","cake shop Bangkok","https://www.larnahouse.com/","+66 2 321 5995","655 ซอย พัฒนาการ 61, Prawet, Bangkok 10250, Thailand","https://serpapi.com/search.json?engine=google_maps&google_domain=google.com&hl=en&place_id=ChIJR26KtqxhHTERyH5rn8Knyow","4.9","729","NORMAL","","","10"
"Neil’s Bake Shoppe","cake shop Bangkok","https://neil.co.th/bake-shoppe/","+66 2 256 6874","58 Ruam Rudi 4 Alley, Lumphini, Pathum Wan, Bangkok 10330, Thailand","https://serpapi.com/search.json?engine=google_maps&google_domain=google.com&hl=en&place_id=ChIJwdLPXSyf4jAR7GWiw-x9JDs","4.8","957","NORMAL","","","9"
"Nine Pastry","cake shop Bangkok","https://nnetzer5.wixsite.com/nine-pastry","+66 65 038 3636","615 Sukhumvit Alley 22, Khlong Tan, Khlong Toei, Bangkok 10110, Thailand","https://serpapi.com/search.json?engine=google_maps&google_domain=google.com&hl=en&place_id=ChIJiWeQPu-f4jARWVUZ6NhGzFc","4.8","510","NORMAL","","","9"
"Holey Artisan Bakery","cake shop Bangkok","http://holeyartisanbakery.com/?utm_source=gmb&utm_medium=referral","+66 2 101 1427","245, 12 Sukhumvit 31, Khlong Toei Nuea, Watthana, Bangkok 10110, Thailand","https://serpapi.com/search.json?engine=google_maps&google_domain=google.com&hl=en&place_id=ChIJTcCIY_ye4jAR9OSZg67PKrg","4.3","1471","NORMAL","","","8"
"HEART MY CAKE Bangkok","cake shop Bangkok","https://treats.app/heartmycakebangkok","+66 80 569 6690","1659, 1657 1661 Sukhumvit Rd, Phra Khanong Nuea, Watthana, Bangkok 10110, Thailand","https://serpapi.com/search.json?engine=google_maps&google_domain=google.com&hl=en&place_id=ChIJd_CVvUVDi0gRl2wR93TbzzI","4.8","149","NORMAL","","","9"
"Sweet Me Bakery","cake shop Bangkok","http://www.sweetme-bakery.com/","+66 89 811 2872","20 Soi Ramkhamhaeng 26/1, Hua Mak, Bang Kapi, Bangkok 10240, Thailand","https://serpapi.com/search.json?engine=google_maps&google_domain=google.com&hl=en&place_id=ChIJeaeT9h2e4jARyxDVr9lFWv4","4.9","430","NORMAL","","","8"
"Konnichipan Bakery","cake shop Bangkok","https://m.facebook.com/pages/Konnichipan-Bakery/211597668929709","+66 2 629 3270","183 Chakrabongse Rd, Talat Yot, Phra Nakhon, Bangkok 10200, Thailand","https://serpapi.com/search.json?engine=google_maps&google_domain=google.com&hl=en&place_id=ChIJMzaAp22Z4jAR0j1AwS-vJQQ","4.8","1560","HIGH","","",""
"Paris Mikki","cake shop Bangkok","https://www.facebook.com/ParisMikki/","+66 88 870 0020","27 Soi Sukhumvit 19, Khlong Tan Nuea, Watthana, Bangkok 10110, Thailand","https://serpapi.com/search.json?engine=google_maps&google_domain=google.com&hl=en&place_id=ChIJOW1keuSe4jARVatuhh2FfwU","4.4","554","NORMAL","","","10"
"Bowcake โบว์เค้ก สีลม (ซอยละลายทรัพย์)","cake shop Bangkok","https://bowcake.com/","+66 86 988 7669","425 Soi Silom 5, Si Lom, Bang Rak, Bangkok 10500, Thailand","https://serpapi.com/search.json?engine=google_maps&google_domain=google.com&hl=en&place_id=ChIJ7wrkBKWf4jARZnGFxtU96Qk","4.9","257","NORMAL","","","10"
"Mocha and Muffins Anantara Siam","cake shop Bangkok","https://www.anantara.com/en/siam-bangkok/restaurants/mocha-muffins","+66 2 126 8866","155 Ratchadamri Rd, Lumphini, Pathum Wan, Bangkok 10330, Thailand","https://serpapi.com/search.json?engine=google_maps&google_domain=google.com&hl=en&place_id=ChIJFxUM7UCf4jAR9L61rjq7kNc","4.8","209","NORMAL","","","10"
"Patisserie Rosie","cake shop Bangkok","http://www.patisserierosie.com/","+66 92 542 9900","18 Soi Atthakawi 1 Room No.A104-105, Khlong Tan, Khet Klong Toei, Bangkok 10110, Thailand","https://serpapi.com/search.json?engine=google_maps&google_domain=google.com&hl=en&place_id=ChIJUQ6pXK2f4jARbT7yU-YSq-4","4.5","438","NORMAL","","","7"
"A Pink Rabbit + Bob","cake shop Bangkok","https://www.facebook.com/apinkrabbitandbob/","+66 62 639 8880","เลขที่ 378 Maha Rat Rd, พระบรมมหาราชวัง Phra Nakhon, Bangkok 10200, Thailand","https://serpapi.com/search.json?engine=google_maps&google_domain=google.com&hl=en&place_id=ChIJv9Qyc9uZ4jAR7LyLQfsLySI","4.5","945","NORMAL","","","9"
"THE TIRAMISÙ LAB","cake shop Bangkok","http://www.tiramisulab.com/","+66 94 663 6965","17, inside Urban Wine shop, 22 Soi Sukhumvit 13, Khlong Toei Nuea, Watthana, Bangkok 10110, Thailand","https://serpapi.com/search.json?engine=google_maps&google_domain=google.com&hl=en&place_id=ChIJdV7-e96f4jARjgRTlwTLZ_8","4.8","367","NORMAL","","","7"
"FELIX BAKERY & COFFEE","cake shop Bangkok","https://linktr.ee/felixbakery","+66 99 368 8432","159 ซ. นราธิวาสราชนครินทร์ 8, Yan Nawa, Sathon, Bangkok 10120, Thailand","https://serpapi.com/search.json?engine=google_maps&google_domain=google.com&hl=en&place_id=ChIJU3iOYcuY4jARJWe7t0wQEwU","4.8","262","NORMAL","","","10"
"Amantee The Bakery","cake shop Bangkok","https://www.facebook.com/amanteebkk/","+66 2 678 1300","2240, 12-13 Chan Kao Rd, Chongnonsee Yan Nawa, Bangkok 10120, Thailand","https://serpapi.com/search.json?engine=google_maps&google_domain=google.com&hl=en&place_id=ChIJU81LFTuD4jARIHNCJRr6OnQ","4.6","394","NORMAL","","","10"
"The Box Thailand Boxing Academy & Training Camp, Bangkok","boxing gym Bangkok","http://www.theboxthailand.com/","+66 96 756 0010","Nana BTS station, Ambassador Hotel Bangkok, Floor 5 Parking Area, Sukhumvit 11 Aly, Watthana, Bangkok 10110, Thailand","https://serpapi.com/search.json?engine=google_maps&google_domain=google.com&hl=en&place_id=ChIJNUdVL72f4jARbK1IV5EOfkI","4.9","109","NORMAL","","","8"
"Ranger Boxing Gym | ยิมมวยไทย | มวยลดน้ำหนัก","boxing gym Bangkok","https://www.rangerboxinggym.com/","+66 96 428 0988","Premier Place Srinakarin,618 Srinakarin Road, Samrong Nuea Bangkok, Mueang Samut Prakan District, Samut Prakan 10270, Thailand","https://serpapi.com/search.json?engine=google_maps&google_domain=google.com&hl=en&place_id=ChIJUyv4UbFfHTEROlbwlZvJeYU","5","225","NORMAL","","","9"
"Lion's Head Boxing Gym","boxing gym Bangkok","http://www.lionsheadboxing.com/","+66 82 447 6910","90 Ramkhamhaeng 18 Alley, Hua Mak, Bang Kapi, Bangkok 10240, Thailand","https://serpapi.com/search.json?engine=google_maps&google_domain=google.com&hl=en&place_id=ChIJJ1r9_5NhHTERmq63BHqsoLM","4.9","69","NORMAL","","","error"
"BX12 Boxing Gym","boxing gym Bangkok","http://www.box12bkk.com/","+66 61 959 4791","1624 Phetchaburi Rd, Makkasan, Ratchathewi, Bangkok 10400, Thailand","https://serpapi.com/search.json?engine=google_maps&google_domain=google.com&hl=en&place_id=ChIJ03Mw9bSf4jAReV-XgQ6dYhA","5","51","NORMAL","","","7"
"Cheeks Thai Boxing Club","boxing gym Bangkok","https://cheeksthaiboxing.com/","+66 97 296 9287","3 Soi Sukhumvit 63, Phrakanong, Watthana, Bangkok 10110, Thailand","https://serpapi.com/search.json?engine=google_maps&google_domain=google.com&hl=en&place_id=ChIJuX4niLKf4jARYDyj4qbDq_I","4.8","64","NORMAL","","","10"
"Thanomsak Boxing Gym","boxing gym Bangkok","https://www.facebook.com/share/1L3pjCVx16WFjPgj/?mibextid=%22%22","+66 89 924 4274","114 ตรอกบ้านหล่อ ถนนวิสุกษัตริย์, บ้านพานถม พระนคร, Bangkok 10200, Thailand","https://serpapi.com/search.json?engine=google_maps&google_domain=google.com&hl=en&place_id=ChIJz_8gKbKZ4jAR6Qow1MyEIRY","5","104","NORMAL","","","6"
"Lion's Head Boxing Academy Rama IV","boxing gym Bangkok","http://www.lionsheadboxing.com/","+66 82 447 6910","1399 Rama IV Rd, Khlong Tan, Khlong Toei, Bangkok 10110, Thailand","https://serpapi.com/search.json?engine=google_maps&google_domain=google.com&hl=en&place_id=ChIJSZ3IprOf4jARSJz8cYBzO54","4.9","67","NORMAL","","","error"
"N-ONE GYM Thonglor","boxing gym Bangkok","https://www.facebook.com/n.one.gym/","+66 82 239 1641","Liberty Plaza Floor 1 1000 1st FL, 40 Thong Lo, Khlong Tan Nuea, Watthana, Bangkok 10110, Thailand","https://serpapi.com/search.json?engine=google_maps&google_domain=google.com&hl=en&place_id=ChIJlbeIf4JhHTERU8ice0eDf6g","5","36","NORMAL","","","10"
"Highland Boxing Gym","boxing gym Bangkok","https://www.facebook.com/highlandboxinggym/","+66 64 235 1666","239 Srivara Rd, Phlabphla, Wang Thonglang, Bangkok 10312, Thailand","https://serpapi.com/search.json?engine=google_maps&google_domain=google.com&hl=en&place_id=ChIJHa50_Aae4jAR92b5Ec32C1I","4.4","13","NORMAL","","","10"
"ลงนวมบอยส์ ยิม (Longnuamboyz Gym)","boxing gym Bangkok","http://instagram.com/longnuamboyz_gym","+66 81 978 3815","2nd Floor, 71sport Club Preedee, 41 Sukhumvit 71 Rd, Khwaeng Suan Luang, Watthana, Bangkok 10110, Thailand","https://serpapi.com/search.json?engine=google_maps&google_domain=google.com&hl=en&place_id=ChIJfZNtjGSf4jARoRQX66SSlxQ","5","15","NORMAL","","","7"
"FITFAC Muay Thai Phloen Chit","boxing gym Bangkok","https://www.booking.fitfacmuaythai.com/","+66 2 460 9260","Mahatun Plaza Building, 888/36-39, Lumphini, Pathum Wan, Bangkok 10330, Thailand","https://serpapi.com/search.json?engine=google_maps&google_domain=google.com&hl=en&place_id=ChIJfQNPTNye4jARKOGSk1CNJmA","4.8","145","NORMAL","","","10"
"Skarbowsky Gym Bkk Jockygym","boxing gym Bangkok","https://www.facebook.com/skarbowskygymbangkok","+66 89 232 6025","624, 11 Si Nam Ngoen Alley, Bang Sue, Bangkok 10800, Thailand","https://serpapi.com/search.json?engine=google_maps&google_domain=google.com&hl=en&place_id=ChIJH8fzM9Cb4jARAtBXGANPb8o","4.7","34","NORMAL","","","10"
"The Little Room Yoga Studio by Chloe","yoga studio Bangkok","https://www.instagram.com/chloe_yogini?igsh=NzY3ZmhoZXZpY3hr","+66 85 909 0523","16, 72 Wipawadee Rd, Khwaeng Chom Phon, Khet Chatuchak, Bangkok 10900, Thailand","https://serpapi.com/search.json?engine=google_maps&google_domain=google.com&hl=en&place_id=ChIJMy4O_gyd4jARueSKWyOxOe0","5","46","NORMAL","","","9"
"SIVA Yoga","yoga studio Bangkok","http://www.sivayogabkk.com/book-online","+66 63 267 9966","4170/2 Vision Square Unit E5&E6 Level, 2 Rama IV Rd, Phra Khanong, Khlong Toei, Bangkok 10110, Thailand","https://serpapi.com/search.json?engine=google_maps&google_domain=google.com&hl=en&place_id=ChIJxYcH-Oqf4jARKQ9bbSMzjhg","5","83","NORMAL","","","7"
"Limber Studio","yoga studio Bangkok","http://www.limberstudio.co.th/","+66 84 349 9066","36, S69 Warehouse, 1 Sukhumvit 69 Alley, Watthana, Bangkok 10110, Thailand","https://serpapi.com/search.json?engine=google_maps&google_domain=google.com&hl=en&place_id=ChIJBUVDbQOf4jARzAeBTjLCLkc","5","66","NORMAL","","","6"
"Urban Dance Studio","dance studio Bangkok","http://www.urban-dancestudio.com/","+66 2 664 4464","45 Soi Sukhumvit 23, Khlong Toei Nuea, Watthana, Bangkok 10110, Thailand","https://serpapi.com/search.json?engine=google_maps&google_domain=google.com&hl=en&place_id=ChIJC6IQyuSe4jARhGqtH9NfKlk","4.9","20","HIGH","","","4"
"Bollywood Dance Studio Bangkok","dance studio Bangkok","","","Ground Level, Rishi Court, Soi Sukhumvit 13, Khlong Toei Nuea, Watthana, Bangkok 10110, Thailand","https://serpapi.com/search.json?engine=google_maps&google_domain=google.com&hl=en&place_id=ChIJS_6dO_Of4jARFQnisk8Sxoc","5","14","HIGH","","",""
"The Hop Bangkok","dance studio Bangkok","https://www.thehopbkk.com/","","252, 8 Si Lom Rd, Suriya Wong, Bang Rak, Bangkok 10500, Thailand","https://serpapi.com/search.json?engine=google_maps&google_domain=google.com&hl=en&place_id=ChIJnY1N89GY4jARiNLCI4fz_5E","4.9","80","NORMAL","","","9"
"Moda Dance Studio","dance studio Bangkok","http://www.modadancestudio.com/","+66 85 563 9962","moda dance studio ชั้น9 เลขที่65 ตึก42ทาวน์เวอร์ ถนนสุขมวิท ซ, Sukhumvit 42, Khwaeng Phra Khanong, Khlong Toei, Bangkok 10110, Thailand","https://serpapi.com/search.json?engine=google_maps&google_domain=google.com&hl=en&place_id=ChIJH_hkfZuf4jARJu37polQV88","4.8","26","NORMAL","","","7"
"Studio Zoom","dance studio Bangkok","http://www.zoomstudio.asia/","+66 81 984 9878","Bio House, 1st Floor Sukhumvit soi 39 (Phromchit Alley), Sukhumvit 39, Klongtan Nue Watthana, Bangkok 10110, Thailand","https://serpapi.com/search.json?engine=google_maps&google_domain=google.com&hl=en&place_id=ChIJq6qa3f6e4jARZFpkMcPsBqA","4.7","47","NORMAL","","","7"
"J Dance Studio","dance studio Bangkok","https://www.instagram.com/j.dance.studio/","+66 97 050 0268","3 Soi Sukhumvit 25, Khlong Toei Nuea, Watthana, Bangkok 10110, Thailand","https://serpapi.com/search.json?engine=google_maps&google_domain=google.com&hl=en&place_id=ChIJK-b5TPhRGSkRqZtZSV7WpIk","4.9","65","NORMAL","","","9"
"rumPUREE Asok - รำปุรี สาขาอโศก","dance studio Bangkok","http://www.rumpuree.com/","+66 62 449 7941","2nd Fl, Jasmine City Bldg., Rd, Thailand, Soi Sukhumvit 23, Khlong Toei Nuea, Watthana, Bangkok 10110, Thailand","https://serpapi.com/search.json?engine=google_maps&google_domain=google.com&hl=en&place_id=ChIJXS8B1OKe4jARs9Tjdj3I8ts","4.5","55","NORMAL","","","8"
"D Maniac Studio","dance studio Bangkok","https://www.facebook.com/dmaniacstudiobkk","+66 63 796 4133","RCA Block D 21-98/99(2-4) Road, Bang Kapi 10300, RCA Alley, Huai Khwang, Bangkok 10310, Thailand","https://serpapi.com/search.json?engine=google_maps&google_domain=google.com&hl=en&place_id=ChIJGYisLF-e4jARIzTYj6m90oY","4.7","35","NORMAL","","","10"
"rumPUREE Samyan - รำปุรี สาขาสามย่าน","dance studio Bangkok","http://www.rumpuree.com/","+66 62 449 4296","3rd Floor Samyan Mitrtown Parking Lot, 944 Rama IV Rd, Khwaeng Wang Mai, Pathum Wan, Krung Thep Maha Nakhon 10330, Thailand","https://serpapi.com/search.json?engine=google_maps&google_domain=google.com&hl=en&place_id=ChIJEU2rhNqe4jARDTRbHC_wcds","4.7","43","NORMAL","","","8"
"สถาบันสอนเต้น S-popping Dance siam square soi 2","dance studio Bangkok","https://www.s-popping.com/","+66 84 132 3996","232/2 Siam Square Soi 2, Khwaeng Pathum Wan, Pathum Wan, Bangkok 10330, Thailand","https://serpapi.com/search.json?engine=google_maps&google_domain=google.com&hl=en&place_id=ChIJydrgkhie4jARW4tylZ2mCPc","4.9","112","NORMAL","","","10"
"FAVE Dance Studio","dance studio Bangkok","https://www.instagram.com/fave.bkk/","","318 อาคารเอเวอร์กรีน เพลส ชั้น 9, Phetchaburi Rd, Khwaeng Thanon Phetchaburi, Ratchathewi, Bangkok 10400, Thailand","https://serpapi.com/search.json?engine=google_maps&google_domain=google.com&hl=en&place_id=ChIJTVf_SLyf4jARM9wIqqw07jM","5","10","NORMAL","","","9"
"indepenDanze studio","dance studio Bangkok","https://www.facebook.com/independanze","+66 61 919 6914","119/85 Phaya Thai Rd, Thanon Phetchaburi, Ratchathewi, Bangkok 10400, Thailand","https://serpapi.com/search.json?engine=google_maps&google_domain=google.com&hl=en&place_id=ChIJ0bRqqH-f4jARB8AdpJ4fsfM","4.5","26","NORMAL","","","10"
"Bangkok Dance Academy Head Office","dance studio Bangkok","http://bangkokdanceacademy.com/","+66 2 278 0599","199/61 Lanco Buiding, Vibhavadi Rangsit Rd, Samsen Nai, Phaya Thai, Bangkok 10400, Thailand","https://serpapi.com/search.json?engine=google_maps&google_domain=google.com&hl=en&place_id=ChIJsfsVJFOd4jARzzHlvBq0EM4","5","1","NORMAL","","","7"
"Bangkok Dance Academy Central World","dance studio Bangkok","http://www.bangkokdanceacademy.com/","+66 2 255 6189","4, 4/5 อาคารเซ็นเวิลด์ ชั้น15, Ratchadamri Rd, Pathum Wan, Bangkok 10330, Thailand","https://serpapi.com/search.json?engine=google_maps&google_domain=google.com&hl=en&place_id=ChIJJ1cNda-f4jAR3nKRrO1RFKg","4.8","4","NORMAL","","","7"
"Character Academy Bangkok @EmQuartier","dance studio Bangkok","http://www.instragram.com/characteracademybangkok","+66 61 249 9696","2nd floor Building C, 693 695 ถนน สุขุมวิท, Khlong Tan Nuea, Watthana, Bangkok 10110, Thailand","https://serpapi.com/search.json?engine=google_maps&google_domain=google.com&hl=en&place_id=ChIJSeize3ef4jARRogH2r2nUTE","5","2","NORMAL","","","7"
"Dance.BKK","dance studio Bangkok","","+66 65 231 2016","79, 4 Sukhumvit 2, Khwaeng Khlong Toei, Khlong Toei, Bangkok 10110, Thailand","https://serpapi.com/search.json?engine=google_maps&google_domain=google.com&hl=en&place_id=ChIJRyynuP2f4jARMrouW0BR0DI","4.8","9","HIGH","","",""
"IDANCE STUDIO & SPACE","dance studio Bangkok","https://instagram.com/idancestudio________space?utm_medium=copy_link","+66 96 356 4456","1021 Soi Chula 40, Wang Mai, Pathum Wan, Bangkok 10330, Thailand","https://serpapi.com/search.json?engine=google_maps&google_domain=google.com&hl=en&place_id=ChIJ3Rk6xSqZ4jARnXM7LdkzLqQ","4.7","20","NORMAL","","","9"
"BBG Dance Studio - Bachata Salsa Kizomba","dance studio Bangkok","https://bangkokbachata.com/","+66 61 039 6083","11th Floor, Sukhumvit Suite, 19 Soi Sukhumvit 13, Khlong Toei Nuea, Watthana, Bangkok 10110, Thailand","https://serpapi.com/search.json?engine=google_maps&google_domain=google.com&hl=en&place_id=ChIJ1yIzRgCf4jARRvXVZBthC90","4.9","40","NORMAL","","","10"
"Cala Dance Studio","dance studio Bangkok","","+66 92 690 5252","PHJ9+XQF, Khlong Tan, Khlong Toei, Bangkok 10110, Thailand","https://serpapi.com/search.json?engine=google_maps&google_domain=google.com&hl=en&place_id=ChIJF6o6LAKf4jARS0njDKHJPt4","4.4","16","HIGH","","",""
"Rising Star Dance Studio","dance studio Bangkok","http://www.risingstardancestudio.com/","+66 81 908 3931","90 Thong Lo, Khlong Tan Nuea, Watthana, Bangkok 10110, Thailand","https://serpapi.com/search.json?engine=google_maps&google_domain=google.com&hl=en&place_id=ChIJkfxrpq6f4jARPqQqsAeLrUM","4.6","16","NORMAL","","","7"
"SAC Gallery","art gallery Bangkok","http://www.sac.gallery/","+66 92 455 6294","160/3 Sukhumvit 39, Khlong Tan Nuea, Watthana, Bangkok 10110, Thailand","https://serpapi.com/search.json?engine=google_maps&google_domain=google.com&hl=en&place_id=ChIJEyfe5-ee4jAR9BBQe4nJFMo","4.5","276","NORMAL","","","8"
"The Queen's Gallery","art gallery Bangkok","https://www.museumthailand.com/en/museum/The-Queen-Gallery","+66 2 281 5360","101 Ratchadamnoen Klang Rd, Wat Bowon Niwet, Phra Nakhon, Bangkok 10200, Thailand","https://serpapi.com/search.json?engine=google_maps&google_domain=google.com&hl=en&place_id=ChIJW6dIDhWZ4jARS2gURqMBgH4","4.4","484","NORMAL","","","10"
"Dib Bangkok","art gallery Bangkok","https://dibbangkok.org/","","111 Soi Sukhumvit 40, Phra Khanong, Khlong Toei, Bangkok 10110, Thailand","https://serpapi.com/search.json?engine=google_maps&google_domain=google.com&hl=en&place_id=ChIJuQxlKwCf4jARhBH0bCE0vDs","4.1","711","NORMAL","","","10"
"Kunawong House Museum บ้านพิพิธภัณฑ์ คุณาวงศ์","art gallery Bangkok","https://www.kunawonghousemuseum.com/","+66 61 626 4241","33 Soi Ladpraw 54, Wang Thonglang, Bangkok 10310, Thailand","https://serpapi.com/search.json?engine=google_maps&google_domain=google.com&hl=en&place_id=ChIJnVEMkRdjHTER-GmB_6cS3aM","4.9","94","NORMAL","","","9"
"Museum of Contemporary Art (MOCA BANGKOK)","art gallery Bangkok","https://mocabangkok.com/","+66 2 016 5666","499 Kamphaeng Phet 6 Rd, Lat Yao, Chatuchak, Bangkok 10900, Thailand","https://serpapi.com/search.json?engine=google_maps&google_domain=google.com&hl=en&place_id=ChIJR5NzOMOc4jAR-zcXjSL3h84","4.7","6207","NORMAL","","","10"
"Art Gallery 36","art gallery Bangkok","https://www.artgallery36th.com/","+66 87 676 7477","30 Sukhumvit 36, Khlong Tan Nuea, Khlong Toei, Bangkok 10110, Thailand","https://serpapi.com/search.json?engine=google_maps&google_domain=google.com&hl=en&place_id=ChIJAQm8waef4jARejHU5fHaEqA","4.8","51","NORMAL","","","10"
"The National Gallery","art gallery Bangkok","http://www.virtualmuseum.finearts.go.th/nationalgallery/index.php/th/","+66 2 282 8525","4 Chao Fa Rd, Chana Songkhram, Phra Nakhon, Bangkok 10200, Thailand","https://serpapi.com/search.json?engine=google_maps&google_domain=google.com&hl=en&place_id=ChIJAcuELQ2Z4jAR3q0DmU_NKkQ","4.1","1072","NORMAL","","","7"
"Gallery VER","art gallery Bangkok","http://www.galleryver.com/","+66 2 120 6098","2198/10-11, Naradhiwas Rajanagarindra 22, Chong Nonsi, Yan Nawa, Bangkok 10120, Thailand","https://serpapi.com/search.json?engine=google_maps&google_domain=google.com&hl=en&place_id=ChIJ2Uwq706f4jARO48YekVBPNU","4.7","70","NORMAL","","","8"
"Art Centre, Silpakorn University","art gallery Bangkok","http://www.art-centre.su.ac.th/","+66 2 221 3841","31 Na Phra Lan Rd, Phra Borom Maha Ratchawang, Phra Nakhon, Bangkok 10200, Thailand","https://serpapi.com/search.json?engine=google_maps&google_domain=google.com&hl=en&place_id=ChIJsQW2s6CZ4jARKCwV_40G50c","4.7","70","NORMAL","","","5"
"Bangkokian Museum","art gallery Bangkok","http://www.facebook.com/bkkmuseum","+66 2 233 7027","273 Saphan Yao Alley, Si Phraya, Bang Rak, Bangkok 10500, Thailand","https://serpapi.com/search.json?engine=google_maps&google_domain=google.com&hl=en&place_id=ChIJR899CdqY4jAR9k0sJXIVHC4","4.6","1359","NORMAL","","","8"
"Office of Contemporary Art and Culture Ministry of Culture","art gallery Bangkok","http://www.ocac.go.th/","+66 2 209 3734","10 Thiam Ruam Mit Rd, Huai Khwang, Bangkok 10310, Thailand","https://serpapi.com/search.json?engine=google_maps&google_domain=google.com&hl=en&place_id=ChIJb1OVACia4jARYBIr5K7znbc","4.2","19","NORMAL","","","8"
"Plai Noen Palace (Khlong Toei Palace)","art gallery Bangkok","","","1164 Rama IV Rd, Khlong Toei, Bangkok 10110, Thailand","https://serpapi.com/search.json?engine=google_maps&google_domain=google.com&hl=en&place_id=ChIJ8adp6xef4jAR5pgO7D50tAA","4.6","82","HIGH","","",""
"Science Center for Education (Planetarium Bangkok)","art gallery Bangkok","http://www.sciplanet.org/","+66 2 391 0544","928 Sukhumvit Rd, Phra Khanong, Khlong Toei, Bangkok 10110, Thailand","https://serpapi.com/search.json?engine=google_maps&google_domain=google.com&hl=en&place_id=ChIJnUa-d6Wf4jARp1M-LNKpKCw","4.2","1581","HIGH","","","2"
"Nai Lert Park Heritage Home","art gallery Bangkok","https://nailertgroup.com/en/nai-lert-park-heritage-home","+66 2 253 0123","4 ซอย สมคิด, Lumphini, Pathum Wan, Bangkok 10330, Thailand","https://serpapi.com/search.json?engine=google_maps&google_domain=google.com&hl=en&place_id=ChIJB4SLWsOe4jAR_eDkedHm7aw","4.6","1475","NORMAL","","","10"
"Madame Tussauds BANGKOK","art gallery Bangkok","https://www.madametussauds.com/bangkok/","+66 2 658 0060","Siam Discovery, 989 Rama I Rd, Pathum Wan, Bangkok 10330, Thailand","https://serpapi.com/search.json?engine=google_maps&google_domain=google.com&hl=en&place_id=ChIJHQcCZM2e4jARaESgxhA9-HM","4.5","9161","NORMAL","","","10"
"Local Museum of Bangkok - Bangkok Noi","art gallery Bangkok","","","High school Suwannaram, 502 Soi Charan Sanitwong 32, Siriraj, Bangkok Noi, Bangkok 10700, Thailand","https://serpapi.com/search.json?engine=google_maps&google_domain=google.com&hl=en&place_id=ChIJcXcyrZmZ4jARXADPNVhAFHo","4.3","15","HIGH","","",""
"Charoen Chai Community Museum","art gallery Bangkok","https://www.facebook.com/charoenchaichinatown?mibextid=ZbWKwL","+66 81 567 1142","32 Soi Charoen Krung 23 (Chareon Chai Alley, Phlap Phla Chai Rd, Pom Prap, Pom Prap Sattru Phai, Bangkok 10100, Thailand","https://serpapi.com/search.json?engine=google_maps&google_domain=google.com&hl=en&place_id=ChIJl5_JyiOZ4jAR7PabW6q9MwI","4.2","50","NORMAL","","","10"
"National Museum Bangkok","art gallery Bangkok","http://www.virtualmuseum.finearts.go.th/bangkoknationalmuseums/index.php/th/","+66 2 224 1370","4 Soi Na Phra That, Phra Borom Maha Ratchawang, Phra Nakhon, Bangkok 10200, Thailand","https://serpapi.com/search.json?engine=google_maps&google_domain=google.com&hl=en&place_id=ChIJbXZLwgyZ4jARO_0Exd6l_lU","4.7","9390","HIGH","","","4"
"Prasart Museum","art gallery Bangkok","https://www.museumthailand.com/th/museum/Info-Prasart-Museum","+66 2 379 3601","PMR3+R88, Krungthep Kritha, Khwaeng Hua Mak, Khet Bang Kapi, Bangkok 10240, Thailand","https://serpapi.com/search.json?engine=google_maps&google_domain=google.com&hl=en&place_id=ChIJ55VCtrphHTERAdBuK5LRG1A","4.2","105","NORMAL","","","10"
"Jim Thompson House Museum","art gallery Bangkok","https://jimthompsonhouse.org/","+66 2 216 7368","6 Kasem San 2 Alley, Wang Mai, Pathum Wan, Bangkok 10330, Thailand","https://serpapi.com/search.json?engine=google_maps&google_domain=google.com&hl=en&place_id=ChIJWVT7hDKZ4jARGJOhe21RhOk","4.5","16894","NORMAL","","","9"
"Aromdee Art Studio – เวิร์กช็อปเซรามิก & Pottery Class Bangkok","pottery class Bangkok","https://www.aromdeeart.com/","+66 94 924 4299","42 Soi Sukhumvit 64, Phra Khanong Tai, Phra Khanong, Bangkok 10260, Thailand","https://serpapi.com/search.json?engine=google_maps&google_domain=google.com&hl=en&place_id=ChIJER9vCPmf4jARXdgLT7oehes","5","370","NORMAL","","","10"
"Arttra","pottery class Bangkok","https://www.facebook.com/profile.php?id=61550827347707&mibextid=wwXIfr&mibextid=wwXIfr","+66 99 960 4205","1035, 12, 41 Sukhumvit 71 Rd, Khlong Tan Nuea, Watthana, Bangkok 10110, Thailand","https://serpapi.com/search.json?engine=google_maps&google_domain=google.com&hl=en&place_id=ChIJh3xiiJSf4jARtvPTNwNsLCM","4.7","189","NORMAL","","","10"
"Palm Pottery Studio","pottery class Bangkok","http://www.palmpotterystudio.com/","+66 64 246 5636","9 Soi Phetchaburi 11, Thanon Phaya Thai, Ratchathewi, Bangkok 10400, Thailand","https://serpapi.com/search.json?engine=google_maps&google_domain=google.com&hl=en&place_id=ChIJtS2Sf8me4jARfhKEBW3UuD0","5","15","NORMAL","","","8"
"Clay Circle BKK ( Pottery / Ceramic /Wheel Throwing / Team building activities/ Workshop/ ปั้นเซรามิก)","pottery class Bangkok","https://www.claycirclebkk.com/","+66 93 543 7302","Block 28 อาคาร B 924 ชั้น 2 ห้อง B201, ซอย จุฬา 7, Wang Mai, Pathum Wan, Bangkok 10330, Thailand","https://serpapi.com/search.json?engine=google_maps&google_domain=google.com&hl=en&place_id=ChIJ-3Yq8C6Z4jARDjKWe2JOwnA","4.2","24","NORMAL","","","10"
"Charm-learn Studio","pottery class Bangkok","https://www.facebook.com/charmlearnstudio95","+66 80 587 6331","647 Charoen Rat Rd, Khlong San, Bangkok 10600, Thailand","https://serpapi.com/search.json?engine=google_maps&google_domain=google.com&hl=en&place_id=ChIJFcWfxoyZ4jAR25KZGITlW9M","4.9","11","NORMAL","","","10"
"Eyestudio Ceramic Workshop At Ekkamai Soi 15","pottery class Bangkok","https://www.facebook.com/Eyestudio","+66 62 462 9192","Cone Number 9 HQ, เลขที่ 281/7 Soi Sukhumvit 63, Khlong Tan Nuea, Watthana, Bangkok 10110, Thailand","https://serpapi.com/search.json?engine=google_maps&google_domain=google.com&hl=en&place_id=ChIJNXm6vPtiHTER5066B0jKCbw","4.3","23","NORMAL","","","10"
"aoon pottery","pottery class Bangkok","https://www.instagram.com/aoonpottery/","+66 89 447 7161","2, 8 Alley, Lane Pathum Khongkha, Samphanthawong, Bangkok 10100, Thailand","https://serpapi.com/search.json?engine=google_maps&google_domain=google.com&hl=en&place_id=ChIJrzsw7yCZ4jARjqR-VtcIaGI","4.4","184","NORMAL","","","9"
"GIGIPAYNE Studio | Art & Craft Workshops","pottery class Bangkok","https://www.gigipayne.com/","+66 63 561 5364","1034/8-9 Rama IV Rd, Thung Maha Mek, Sathon, Bangkok 10120, Thailand","https://serpapi.com/search.json?engine=google_maps&google_domain=google.com&hl=en&place_id=ChIJTctQY4Kf4jARY35lmjnda3w","5","106","NORMAL","","","9"
"Sanit Handmade @The Fig Lobby","pottery class Bangkok","https://www.sanithandmade.com/","+66 81 818 1148","55 Rimthangrotfaisaipaknam Road, Khwaeng Khlong Toei, Khlong Toei, Khwaeng Khlong Teoi, Khlong Teoi, Bangkok 10110, Thailand","https://serpapi.com/search.json?engine=google_maps&google_domain=google.com&hl=en&place_id=ChIJTUjypeef4jARpU2MI7fGG_c","4.8","51","NORMAL","","","error"
"House of ceramics","pottery class Bangkok","https://www.facebook.com/houseofceramicsth","+66 81 908 2558","27, 1 Soi Ratchawithi 9, Thanon Phaya Thai, Ratchathewi, Bangkok 10400, Thailand","https://serpapi.com/search.json?engine=google_maps&google_domain=google.com&hl=en&place_id=ChIJLRC94VmZ4jARHb-P3sSxKRE","4.7","20","NORMAL","","","10"
"Stella Art Cafe","pottery class Bangkok","http://stellaartcafe.com/","","1/27 Sukhumvit 30 Alley, Klongton Khlong Toei, Bangkok 10110, Thailand","https://serpapi.com/search.json?engine=google_maps&google_domain=google.com&hl=en&place_id=ChIJR0S7m7Kf4jARh6MG1DWyeq4","4.6","41","NORMAL","","","8"
"PCHA CERAMIC","pottery class Bangkok","https://www.facebook.com/pchaceramic/","+66 81 821 4920","321/7 Ekkamai 19 Alley, Khlong Tan Nuea, Watthana, Bangkok 10110, Thailand","https://serpapi.com/search.json?engine=google_maps&google_domain=google.com&hl=en&place_id=ChIJNZzf6E2e4jARjrdlTSxrbsY","4.4","17","NORMAL","","","10"
"Clay Songwat","pottery class Bangkok","https://claycirclebkk.com/","+66 82 123 4567","1176 Song Wat Rd, Chakkrawat, Samphanthawong, Bangkok 10100, Thailand","https://serpapi.com/search.json?engine=google_maps&google_domain=google.com&hl=en&place_id=ChIJoeSO6UKZ4jARVAu68dd4jQ8","4.3","27","NORMAL","","","10"
"Chaang Ocarina Pottery Studio","pottery class Bangkok","","","1, 24 Soi 16, Nuan Chan, Bueng Kum, Bangkok 10230, Thailand","https://serpapi.com/search.json?engine=google_maps&google_domain=google.com&hl=en&place_id=ChIJX0-GTINjHTERkMXZvBEUlG4","5","1","HIGH","","",""
"Sanit Handmade","pottery class Bangkok","https://www.facebook.com/sanithandmade","+66 81 818 1148","245/7 Soi Mu Ban Sammakon, Khwaeng Saphan Sung, Khet Saphan Sung, Bangkok 10240, Thailand","https://serpapi.com/search.json?engine=google_maps&google_domain=google.com&hl=en&place_id=ChIJkwQD5YZhHTERbjNvvqhYB0A","4.8","266","NORMAL","","","10"
"Clay Hobby Art Space","pottery class Bangkok","https://www.facebook.com/clayhobby/","+66 92 294 1561","1042, 2 Sukhumvit 44 Alley, Klongtoey, Prakanong, Bangkok 10110, Thailand","https://serpapi.com/search.json?engine=google_maps&google_domain=google.com&hl=en&place_id=ChIJT8uq1POf4jARVWwLrLuMP1w","5","12","NORMAL","","","10"
"Hammock & Wheel","pottery class Bangkok","","+66 94 143 5955","26, 1/5, Lala Loft, 1/6, Soi Pridi Banomyong 26, Khlong Tan Nuea, Watthana, Bangkok 10110, Thailand","https://serpapi.com/search.json?engine=google_maps&google_domain=google.com&hl=en&place_id=ChIJJT2DOIOf4jARcZHOmwz1JYU","5","2","HIGH","","",""
"หิน ดิน ทราย Pottery Studio","pottery class Bangkok","http://www.hindinzign.com/","+66 65 494 1655","142/98 The Plant Village, Kanchanapisek rd., Bangkhae, Bangkok 10160, Thailand","https://serpapi.com/search.json?engine=google_maps&google_domain=google.com&hl=en&place_id=ChIJ7Vcma8OX4jARqc_bpCVXFBQ","4.1","9","NORMAL","","","7"
"Lala Loft 26","pottery class Bangkok","https://lalaloft26.com/","+66 94 143 5955","1/5, 1, 6 Soi Pridi Banomyong 26, Khlong Tan Nuea, Watthana, Bangkok 10110, Thailand","https://serpapi.com/search.json?engine=google_maps&google_domain=google.com&hl=en&place_id=ChIJcQjl8vuf4jARANbU09b2Z0A","5","9","NORMAL","","","error"
"Som ceramic","pottery class Bangkok","http://www.somceramics.com/","+66 81 628 5411","5 Soi Sukhumvit 56, Phra Khanong Tai, Phra Khanong, Bangkok 10260, Thailand","https://serpapi.com/search.json?engine=google_maps&google_domain=google.com&hl=en&place_id=ChIJXbm8Ouyf4jAR0NKHt-SjaQc","4.9","8","NORMAL","","","5"
"Speak Thai Easy Co.,Ltd","language school Bangkok","https://www.speakthaieasy.com/?fbclid=PAAaa8PtB_EbjNOHhND0Vlh-cWs1b_6LbIAkg1oAppQ5LqjCDOqfp6n6Nftok_aem_AXDDwUyg6Yu-R6OF7yob1i3sFRNtF5kx3ygCUd_QhGrXbVJbCLnaWpjpq_YYO-yFRhU","+66 95 653 9798","10400 Sukhumvit Rd, Khlongtoiey, Bangkok 10400, Thailand","https://serpapi.com/search.json?engine=google_maps&google_domain=google.com&hl=en&place_id=ChIJc09yNoee4jARpoB3U54Nk7A","4.9","119","NORMAL","","","10"
"TLS Thong Lo タイ語英会話学校","language school Bangkok","https://www.facebook.com/tls.thoglor/","+66 2 714 2229","1013 Sukhumvit Rd, Klongton-nua, Watthana, Bangkok 10110, Thailand","https://serpapi.com/search.json?engine=google_maps&google_domain=google.com&hl=en&place_id=ChIJ90c9Gamf4jAR5i9BftQ5MdM","4.3","44","NORMAL","","","10"
"AUA Language Center, Ratchadamri","language school Bangkok","https://www.auathailand.org/","+66 2 114 7625","179 Ratchadamri Rd, Lumphini, Pathum Wan, Bangkok 10330, Thailand","https://serpapi.com/search.json?engine=google_maps&google_domain=google.com&hl=en&place_id=ChIJ_79Dotee4jARcCj3A7n3_UE","4.6","68","NORMAL","","","10"
"Pilates Plus Bangkok","pilates studio Bangkok","http://www.pilatesplusbangkok.com/","+66 92 413 6222","Fifty Fifth Plaza 2nd Floor next to the escalator, 90 Thong Lo, Bangkok 10110, Thailand","https://serpapi.com/search.json?engine=google_maps&google_domain=google.com&hl=en&place_id=ChIJ5dW_sq6f4jARgVuBAq8wg_c","4.9","237","NORMAL","","","7"
"Elite Pilates Studio","pilates studio Bangkok","http://elitepilatesstudio.com/","+66 93 399 6593","in front of elevator, 2nd floor, 90 Thong Lo 2, Klongton Nuea, Watthana, Bangkok 10110, Thailand","https://serpapi.com/search.json?engine=google_maps&google_domain=google.com&hl=en&place_id=ChIJS_8QgKOf4jART3kqy3xtAoA","5","136","NORMAL","","","8"
"Pilates Bangkok - The Balance Pilates & Physio","pilates studio Bangkok","https://pilatesbangkok.co/","+66 92 246 9462","Floor B2 Interchange 21 Building, Sukhumvit Rd, klongtoey Watthana, Bangkok 10110, Thailand","https://serpapi.com/search.json?engine=google_maps&google_domain=google.com&hl=en&place_id=ChIJDbA3H-Oe4jARGypeoXnNtNQ","4.9","365","NORMAL","","","9"
"The Best Pilates","pilates studio Bangkok","https://thebest-pilates.com/","+66 97 949 4340","748 Sukhumvit 30/1 Alley, Khlong Tan, Khlong Toei, Bangkok 10110, Thailand","https://serpapi.com/search.json?engine=google_maps&google_domain=google.com&hl=en&place_id=ChIJexoYHACf4jAR27l_3SxG3sk","5","259","NORMAL","","","9"
"Pilates House 24 BKK","pilates studio Bangkok","https://www.instagram.com/pilateshouse24/","+66 95 465 6236","ชั้น 2, Slow Combo, เลขที่ 126 ซ. จุฬาลงกรณ์ 50, Wang Mai, Pathum Wan, Bangkok 10330, Thailand","https://serpapi.com/search.json?engine=google_maps&google_domain=google.com&hl=en&place_id=ChIJ9_MrSwCZ4jAR1bIB9FdNVlI","5","27","NORMAL","","","9"
"Reformed Pilates Bangkok","pilates studio Bangkok","https://reformedpilatesbkk.com/","+66 80 888 5610","55 Sukhumvit 31, Khwaeng Khlong Toei Nuea, Watthana, Bangkok 10110, Thailand","https://serpapi.com/search.json?engine=google_maps&google_domain=google.com&hl=en&place_id=ChIJvVpa1A2f4jARUvAPs1USKPo","4.6","119","NORMAL","","","9"
"Vanni Pilates Bangkok","pilates studio Bangkok","https://www.vannipilates.com/","+66 63 007 7032","54/5 Sukhumvit 26, Khlong Tan, Khlong Toei, Bangkok 10110, Thailand","https://serpapi.com/search.json?engine=google_maps&google_domain=google.com&hl=en&place_id=ChIJt6_eYuCf4jARLV0EhDO7qww","5","96","NORMAL","","","8"
"The Pilates Bangkok","pilates studio Bangkok","http://www.pilates.co.th/","+66 2 650 7797","888/58-59 Mahatun Plaza, Phloen Chit Rd, Patumwan, Bangkok 10330, Thailand","https://serpapi.com/search.json?engine=google_maps&google_domain=google.com&hl=en&place_id=ChIJe9j5Wdye4jARr8ka9P5qe8s","4.7","28","NORMAL","","","7"
"พิลาทีส Pilates Station","pilates studio Bangkok","http://pilatesstation.co.th/","+66 84 346 3764","235/10 Sukhumvit 31, Khlong Toei, Bangkok 10110, Thailand","https://serpapi.com/search.json?engine=google_maps&google_domain=google.com&hl=en&place_id=ChIJy44IFAKf4jARnLpkxtz_CLQ","4.7","41","NORMAL","","","8"
"Club Pilates Thailand - Grande Centre Point Lumphini","pilates studio Bangkok","https://clubpilates.co.th/","+66 2 286 1430","1188 Grande Centre Points Lumphini (WorkLab) 18th Floor, Rama IV Rd, Thung Maha Mek, Sathon, Bangkok 10120, Thailand","https://serpapi.com/search.json?engine=google_maps&google_domain=google.com&hl=en&place_id=ChIJRWZajnef4jARgkwJX7zBKQk","5","30","NORMAL","","","10"
"EVA Pilates","pilates studio Bangkok","https://linktr.ee/eva.pilatesbkk?fbclid=PAQ0xDSwLKNj9leHRuA2FlbQIxMQABp1i-5F_fl0lkmtWk8_C23OCMV11ViBhhnZjo7FsfeN1B55-wuJ5h_ArZalxH_aem__cUD3rcHuHjzFyFHnERfkQ","","Kenzo Kimura, 259/200 Pridi Banomyong 13 Alley, พระโขนง​เหนือ, Watthana, Bangkok 10110, Thailand","https://serpapi.com/search.json?engine=google_maps&google_domain=google.com&hl=en&place_id=ChIJ7e794DSf4jARWNdFm90PzrQ","5","33","NORMAL","","","10"
"WOOL STRETCH Pilates Sukhumvit16","pilates studio Bangkok","https://www.woolstretch.com/","","Ground floor, Shama Lake View Asoke Hotel, Soi Sukhumvit 16, Khwaeng Khlong Toei, Khlong Toei, Bangkok 10110, Thailand","https://serpapi.com/search.json?engine=google_maps&google_domain=google.com&hl=en&place_id=ChIJn0Xas3Sf4jARaZgPru-YFPQ","5","81","NORMAL","","","10"
"Somi Pilates Sathorn","pilates studio Bangkok","https://lin.ee/SNmZehe","+66 89 505 7251","84 Naradhiwas Rajanagarindra Rd, Thung Maha Mek, Khet Sathon, Bangkok 10120, Thailand","https://serpapi.com/search.json?engine=google_maps&google_domain=google.com&hl=en&place_id=ChIJyd1gTfmf4jARqbosr-jbq8Q","5","11","NORMAL","","","7"
"Slow Bloom Pilates","pilates studio Bangkok","https://lin.ee/NhJYqrn","+66 85 920 8055","547/18 Charoen Nakhon 28 Alley, Charoen Nakhon Road Banglumpoo Lang, Bangkok 10600, Thailand","https://serpapi.com/search.json?engine=google_maps&google_domain=google.com&hl=en&place_id=ChIJF00W-8mZ4jARvNazTNWfnCo","5","65","NORMAL","","","7"
"Pulse Pilates BKK","pilates studio Bangkok","https://www.instagram.com/pulsepilates.bkk?igsh=MTFlY2phemg4Njlj&utm_source=qr","","314, 5 Sun Wichai 14/4 Alley, Bang Kapi, Huai Khwang, Bangkok 10310, Thailand","https://serpapi.com/search.json?engine=google_maps&google_domain=google.com&hl=en&place_id=ChIJi4T3TwCf4jARLT-VIM8D__k","5","33","NORMAL","","","9"
"Swiss Pilates Bangkok - Rainhill","pilates studio Bangkok","https://swiss-pilates.com/swiss-pilates-studio","+66 61 395 3487","777 Sukhumvit 47 Alley, Khlong Tan Nuea, Watthana, Bangkok 10110, Thailand","https://serpapi.com/search.json?engine=google_maps&google_domain=google.com&hl=en&place_id=ChIJYTMp2g-f4jAR2kahFvruzCk","4.7","41","NORMAL","","","10"
"The Balance Pilates & Physio - Chidlom","pilates studio Bangkok","https://pilatesbangkok.co/","+66 95 369 3626","2nd Floor, Maneeya Building, 518, 5 Phloen Chit Rd, Lumphini, Pathum Wan, Bangkok 10330, Thailand","https://serpapi.com/search.json?engine=google_maps&google_domain=google.com&hl=en&place_id=ChIJX-pXksOf4jARNFMEWit0BUI","5","39","NORMAL","","","9"
"BodyLab Pilates สาทร","pilates studio Bangkok","https://www.bodylabth.com/","+66 94 768 4268","219 Soi Krung Thonburi 1, Khlong Ton Sai, Khlong San, Bangkok 10600, Thailand","https://serpapi.com/search.json?engine=google_maps&google_domain=google.com&hl=en&place_id=ChIJ6UjV_euZ4jARQbkbPsXNKIc","5","261","NORMAL","","","10"
"PILATES NOW BANGKOK","pilates studio Bangkok","https://www.instagram.com/pilatesnow.bkk?igsh=MnJkNGtnOWJxd3Fo","","1408/40 Phahonyothin Rd, Khwaeng Chom Phon, Jomphol, Bangkok 10900, Thailand","https://serpapi.com/search.json?engine=google_maps&google_domain=google.com&hl=en&place_id=ChIJ53coaiad4jARjhyLE3ZjUUM","5","69","NORMAL","","","9"
"The Bottleman Wine Bar","wine bar Bangkok","https://www.instagram.com/the.bottleman/profilecard/?igsh=cDdjZ2J1Z3N6bnZn","+66 80 454 2664","89/17 Witthayu Rd, Lumphini, Pathum Wan, Bangkok 10330, Thailand","https://serpapi.com/search.json?engine=google_maps&google_domain=google.com&hl=en&place_id=ChIJDTAVjoOf4jARIQlVn8ydi9M","4.9","199","NORMAL","","","9"
"Must Wine Bar","wine bar Bangkok","https://www.instagram.com/must.winebar/","+66 92 599 8919","2nd floor SODALITY, 263 Thong Lo 13, Khlong Tan Nuea, Watthana, Bangkok 10110, Thailand","https://serpapi.com/search.json?engine=google_maps&google_domain=google.com&hl=en&place_id=ChIJGbOSVFqf4jARWGZEGJzlrAk","4.6","48","NORMAL","","","9"
"Mod Kaew Wine Bar","wine bar Bangkok","https://www.instagram.com/modkaewbkk/","+66 82 096 0281","142 Soi Sueksa Wittaya, Sathon Soi 12 Alley, Bang Rak, Bangkok 10500, Thailand","https://serpapi.com/search.json?engine=google_maps&google_domain=google.com&hl=en&place_id=ChIJv7TvRUef4jARlydHngsX1_I","4.5","354","NORMAL","","","9"
"BarBlah","wine bar Bangkok","https://instagram.com/barblaaaaah?igshid=MzRlODBiNWFlZA==","+66 91 222 4546","635-637, 5th floor, Sukhumvit Alley 22, Khlong Tan, Khlong Toei, Bangkok 10110, Thailand","https://serpapi.com/search.json?engine=google_maps&google_domain=google.com&hl=en&place_id=ChIJs4AqyqOf4jARgsbfL0n9Ljk","4.9","455","NORMAL","","","9"
"No Bar Wine Bar","wine bar Bangkok","http://instagram.com/nobar.winebar","+66 99 229 7465","128, 10 Soi Phahon Yothin 2, Samsen Nai, Phaya Thai, Bangkok 10400, Thailand","https://serpapi.com/search.json?engine=google_maps&google_domain=google.com&hl=en&place_id=ChIJwdigwBSd4jARAzGOFc4L9pM","4.7","162","NORMAL","","","7"
"Swirl Thonglor","wine bar Bangkok","https://swirlbangkok.com/","+66 62 051 4848","ชั้น G, 63, Civic Park - Deluxe King Room, Thong Lo 13 Alley, Khlong Tan Nuea, Watthana, Bangkok 10110, Thailand","https://serpapi.com/search.json?engine=google_maps&google_domain=google.com&hl=en&place_id=ChIJoz4MEsOf4jARmyYaVSSEb7M","4.7","176","NORMAL","","","10"
"Chenin Restaurant","wine bar Bangkok","http://www.cheninbkk.com/","+66 65 424 6225","1st floor, 29/4 Sukhumvit 31, Khlong Tan Nuea, Watthana, Bangkok 10110, Thailand","https://serpapi.com/search.json?engine=google_maps&google_domain=google.com&hl=en&place_id=ChIJqbWdQdWf4jARcwbFVOkosL4","4.6","1232","NORMAL","","","7"
"Swirl Ruamrudee","wine bar Bangkok","https://swirlbangkok.com/","+66 65 985 4991","65, 1 Witthayu Rd, Lumphini, Pathum Wan, Bangkok 10330, Thailand","https://serpapi.com/search.json?engine=google_maps&google_domain=google.com&hl=en&place_id=ChIJXyftW_6f4jAR_2T9nL5pWYA","4.8","64","NORMAL","","","10"
"224 Winesphere","wine bar Bangkok","https://web.facebook.com/profile.php?id=61566361422141","+66 81 159 7007","1st Floor, 2/24 Soi Ari, Phahon Yotin 5, Bangkok 10400, Thailand","https://serpapi.com/search.json?engine=google_maps&google_domain=google.com&hl=en&place_id=ChIJRz5u42md4jARTARQcp4Utd0","4.9","140","NORMAL","","","9"
"Scarlett Wine Bar & Restaurant","wine bar Bangkok","https://www.pullmanbangkokhotelg.com/restaurants-bars/scarlett-wine-bar-bangkok/?utm_source=google+Maps&utm_medium=seo+maps&utm_campaign=seo+maps","+66 96 860 7990","188 Si Lom Rd, Khwaeng Suriya Wong, Bang Rak, Bangkok 10500, Thailand","https://serpapi.com/search.json?engine=google_maps&google_domain=google.com&hl=en&place_id=ChIJwb3uUy2f4jAR5jRfKS19D9w","4.6","2139","NORMAL","","","9"
"The Wine Merchant Silom","wine bar Bangkok","http://www.thewinemerchant-thailand.com/","+66 95 749 9699","G-FLOOR, PARK SILOM BUILDING, 1 Convent Rd, Si Lom, Bang Rak, Bangkok 10500, Thailand","https://serpapi.com/search.json?engine=google_maps&google_domain=google.com&hl=en&place_id=ChIJYQWozDyf4jARKkzaaxpF9rA","4.7","49","NORMAL","","","8"
"COLLECTED Natural Wine Bar","wine bar Bangkok","https://www.facebook.com/collected.bangkok/","+66 89 484 5529","17 Bamrung Mueang Rd, San Chao Pho Sua, Phra Nakhon, Bangkok 10200, Thailand","https://serpapi.com/search.json?engine=google_maps&google_domain=google.com&hl=en&place_id=ChIJ7ap6gAKZ4jARJsj5dy5RTz8","5","72","NORMAL","","","10"
"SIP the SOUND wine bar","wine bar Bangkok","https://nightify.co/book/sip-the-sound/google","+66 64 123 6517","Naradhiwas Rajanagarindra Rd, Si Lom, Bang Rak, Bangkok 10500, Thailand","https://serpapi.com/search.json?engine=google_maps&google_domain=google.com&hl=en&place_id=ChIJw8Rviemf4jAR6c30QR8pTw8","4.8","36","NORMAL","","","10"
"Opus The Italian Wine Bar & Restaurant","wine bar Bangkok","https://www.facebook.com/OPUSWINEBAR/","+66 95 873 3690","64 Pan Rd, Si Lom, Bang Rak, Bangkok 10500, Thailand","https://serpapi.com/search.json?engine=google_maps&google_domain=google.com&hl=en&place_id=ChIJY9qOds6Y4jAR7y-nEcW7gF0","4.6","581","NORMAL","","","10"
"Wine Climats","wine bar Bangkok","http://www.wineclimats.com/","+66 93 914 9144","2nd Floor, 281/16 Si Lom Rd, Si Lom, Bang Rak, Bangkok 10500, Thailand","https://serpapi.com/search.json?engine=google_maps&google_domain=google.com&hl=en&place_id=ChIJbz-r6_ef4jAR-rS8uY0OiFo","5","54","NORMAL","","","7"
"The Wine Merchant Sukhumvit","wine bar Bangkok","http://www.thewinemerchant-thailand.com/","+66 92 330 9888","799 Sukhumvit Rd, Khwaeng Khlong Tan Nuea, Watthana, Bangkok 10110, Thailand","https://serpapi.com/search.json?engine=google_maps&google_domain=google.com&hl=en&place_id=ChIJS90xeZqf4jAR1Y7s_EPLZpc","4.7","38","NORMAL","","","8"
"The Wine Merchant Lang Suan","wine bar Bangkok","http://www.thewinemerchant-thailand.com/","+66 61 201 1991","64 Soi Langsuan, Lumphini, Pathum Wan, Bangkok 10330, Thailand","https://serpapi.com/search.json?engine=google_maps&google_domain=google.com&hl=en&place_id=ChIJh2naxPef4jARU7AC8Vx0fwU","4.6","67","NORMAL","","","8"
"Wine Depot Bistro & Wine Store","wine bar Bangkok","https://m.facebook.com/winedepotbangkok","+66 2 000 4238","28 Sukhumvit Alley 22, Khlong Toei Nuea, Watthana, Bangkok 10110, Thailand","https://serpapi.com/search.json?engine=google_maps&google_domain=google.com&hl=en&place_id=ChIJD2mqHgOf4jARYgqe-4Aw83U","4.3","384","HIGH","","","4"
"Riddler","wine bar Bangkok","","","15/2 Woodberry Common Building B (1st Floor, Room B1, Ruamrudee Road, Lumphini, Pathum Wan, Bangkok 10330, Thailand","https://serpapi.com/search.json?engine=google_maps&google_domain=google.com&hl=en&place_id=ChIJM_K9msCf4jAROz3uitxOmS0","4.7","247","HIGH","","",""
"Wine Aspect","wine bar Bangkok","http://www.wineaspectbkk.com/","+66 81 914 9423","113/6 Thong Lo, Khlong Tan Nuea, Watthana, Krung Thep Maha Nakhon 10110, Thailand","https://serpapi.com/search.json?engine=google_maps&google_domain=google.com&hl=en&place_id=ChIJTczr-u-f4jARJlRYgEqOono","5","85","HIGH","","","2"
"Event Space Near Chidlom BTS Station at Hotel Muse Bangkok","event venue Bangkok","https://www.thespeakeasyrooftopbarbangkok.com/event-space","+66 2 305 6000","55, 555 Lang Suan Rd, Lumphini, Pathum Wan, Bangkok 10330, Thailand","https://serpapi.com/search.json?engine=google_maps&google_domain=google.com&hl=en&place_id=ChIJ_Q9qZ7af4jARE0R1YnSSjWE","4.8","39","NORMAL","","","10"
"Event & Space Near Asok BTS Station at the Continent Hotel Bangkok Sukhumvit","event venue Bangkok","https://www.thecontinenthotel.com/bangkok-meeting-events","+66 2 686 7000","413 Sukhumvit Rd, Khlong Toei Neua, Watthana, Bangkok 10110, Thailand","https://serpapi.com/search.json?engine=google_maps&google_domain=google.com&hl=en&place_id=ChIJySk-kIef4jARDEFEOmSSsng","4.4","23","NORMAL","","","9"
"Meeting Venues at Pullman Bangkok King Power","event venue Bangkok","http://www.pullmanbangkokkingpower.com/meetings-and-events","+66 2 680 9999","8/2 Rang Nam Alley, Thanon Phaya Thai, Ratchathewi, Bangkok 10400, Thailand","https://serpapi.com/search.json?engine=google_maps&google_domain=google.com&hl=en&place_id=ChIJrTuDSLae4jARhnUGL6oA-S4","4.4","24","NORMAL","","","8"
"The Halls bangkok","event venue Bangkok","https://www.facebook.com/thehallsbangkok/","+66 2 015 3765","79, 1 Vibhavadi Rangsit 64 Alley, Talat Bang Khen, Lak Si, Bangkok 10210, Thailand","https://serpapi.com/search.json?engine=google_maps&google_domain=google.com&hl=en&place_id=ChIJlz3Bv9OC4jARZ6EMkN9pNuA","4.4","795","NORMAL","","","10"
"Event & Space Near Asok BTS Station at the Coach Hotel Sukhumvit 14","event venue Bangkok","https://www.thecoachbangkok.com/event-space/","+66 2 259 7007","B2 Floor, 41 Sukhumvit 14 Alley, Klongtoey Subdistrict, Klongtoey, Bangkok 10110, Thailand","https://serpapi.com/search.json?engine=google_maps&google_domain=google.com&hl=en&place_id=ChIJk60blM6f4jARJq0bUUFT5uQ","4.6","19","NORMAL","","","9"
"Bangkok Meeting Room Group ห้องประชุมให้เช่า ห้องสัมมนา","event venue Bangkok","https://www.bangkokmeetingroom.com/","+66 2 109 9904","35 Phaya Thai Rd, Thanon Phaya Thai, Ratchathewi, Bangkok 10400, Thailand","https://serpapi.com/search.json?engine=google_maps&google_domain=google.com&hl=en&place_id=ChIJkTqn_MWf4jARJ2Xsa3FHjew","4.9","15","NORMAL","","","9"
"Bangkok Hall","event venue Bangkok","","+66 2 538 6660","9/8 ซอย ประดิษฐ์มนูธรรม 19, Pradit Manutham Rd, Lat Phrao, Bangkok 10230, Thailand","https://serpapi.com/search.json?engine=google_maps&google_domain=google.com&hl=en&place_id=ChIJM5S6PImd4jARD0Xtvj8holI","4.1","36","HIGH","","",""
"The Summer House","event venue Bangkok","https://www.nailertgroup.com/th","+66 2 253 0123","4 Soi Somkid, Lumphini, Pathum Wan, Bangkok 10330, Thailand","https://serpapi.com/search.json?engine=google_maps&google_domain=google.com&hl=en&place_id=ChIJeZV0Ko2f4jAR056dlpQi_Pg","4.6","45","NORMAL","","","10"
"The Botanical House Bangkok","event venue Bangkok","http://www.thebotanicalhousebangkok.com/","+66 2 318 2431","Rama IX Rd, Suan Luang, เขต ประเวศ, Bangkok 10250, Thailand","https://serpapi.com/search.json?engine=google_maps&google_domain=google.com&hl=en&place_id=ChIJVZOmhyie4jARxRzQ98eAnlE","4.6","322","NORMAL","","","8"
"Queen Sirikit National Convention Center","event venue Bangkok","https://www.qsncc.com/","+66 2 229 3000","60 Ratchadaphisek Rd, Khlong Toei, Bangkok 10110, Thailand","https://serpapi.com/search.json?engine=google_maps&google_domain=google.com&hl=en&place_id=ChIJs4eYXBqf4jARtzrmWsDaDiM","4.5","19994","NORMAL","","","10"
"VARAVELA Garden Hall","event venue Bangkok","http://www.varavela.com/","+66 2 946 6626","438 Soi Nawamin 111 Yaek 15, Nawamin, Bueng Kum, Bangkok 10240, Thailand","https://serpapi.com/search.json?engine=google_maps&google_domain=google.com&hl=en&place_id=ChIJO4FsEWRiHTERu5BS4JzwgVY","4.4","350","NORMAL","","","7"
"The Apothecary Venue","event venue Bangkok","","+66 85 485 5883","9/4, Soi Phahoyotin 42, Phahoyotin Rd, Senanikom, Chatuchak, Bangkok 10900, Thailand","https://serpapi.com/search.json?engine=google_maps&google_domain=google.com&hl=en&place_id=ChIJk877i1ec4jARan-AV3kwQoQ","4.4","152","HIGH","","",""
"Team Building BKK","event venue Bangkok","http://www.teambuildingbkk.com/","+66 63 462 2525","ตึก P 23 ชั้นที่ 11, 11/2 Soi Sukhumvit 23, Khlong Toei Nuea, Watthana, Bangkok 10110, Thailand","https://serpapi.com/search.json?engine=google_maps&google_domain=google.com&hl=en&place_id=ChIJl2AkKfye4jARKRjITnI37wc","4.9","662","NORMAL","","","8"
"Bangkok Party Rentals","event venue Bangkok","http://bangkokpartyrentals.com/","+66 64 932 3315","Level P, Unit P011, Glas Haus Building, Soi Sukhumvit 25, North, Khlong Toei, Bangkok 10110, Thailand","https://serpapi.com/search.json?engine=google_maps&google_domain=google.com&hl=en&place_id=ChIJTwMMMomf4jARv2ODzJigKDo","4.9","49","NORMAL","","","8"
"Bachelor Party Bangkok","event venue Bangkok","http://www.bachelorbangkok.com/","+66 82 162 3445","Unit P01, Glas Haus Building Level P, 1 Soi Sukhumvit 25, Khwaeng Khlong Toei Nuea, Watthana, Bangkok 10110, Thailand","https://serpapi.com/search.json?engine=google_maps&google_domain=google.com&hl=en&place_id=ChIJ3UzUsMed4jAR1W_ycFJct5k","4.9","130","NORMAL","","","8"
"The Corner House Bangkok","event venue Bangkok","https://www.facebook.com/thecornerhousebkk","+66 80 659 9535","951, Chai Phatthanasilp, 35 ถ. เจริญกรุง, Talat Noi, Samphanthawong, Bangkok 10100, Thailand","https://serpapi.com/search.json?engine=google_maps&google_domain=google.com&hl=en&place_id=ChIJe7wn3qWZ4jARoUTHZlsnBII","4.9","563","NORMAL","","","10"
"Paragon Hall","event venue Bangkok","https://www.paragonhall.com/","+66 2 610 8011","991 Rama I Rd, Pathum Wan, Bangkok 10330, Thailand","https://serpapi.com/search.json?engine=google_maps&google_domain=google.com&hl=en&place_id=ChIJ9y2G-s2e4jARHwKNbz4W0PQ","4.6","2176","NORMAL","","","10"
"SKNN Clinic Bangkok","skincare clinic Bangkok","https://www.sknnclinic.com/","+66 81 263 6536","10 Sukhumvit Alley 22, Khlong Toei, Khet Khlong Toei, Bangkok 10110, Thailand","https://serpapi.com/search.json?engine=google_maps&google_domain=google.com&hl=en&place_id=ChIJhamwx-Sf4jARyOjOxTuWLW8","4.6","170","NORMAL","","","9"
"Skinserity clinic","skincare clinic Bangkok","https://www.skinserityclinic.com/","+66 63 269 7151","128 Sukhumvit 26, Khlong Tan, Khlong Toei, Bangkok 10110, Thailand","https://serpapi.com/search.json?engine=google_maps&google_domain=google.com&hl=en&place_id=ChIJWQRhNSuf4jAR_l7lGr7RJG0","5","299","NORMAL","","","9"
"Radiance Skin Clinic","skincare clinic Bangkok","https://radianceskinclinic.com/","+66 82 695 2496","Maneeya Center Building G Floor 518/5 Ploenchit Road, Lumpini Patumwan, Bangkok 10330, Thailand","https://serpapi.com/search.json?engine=google_maps&google_domain=google.com&hl=en&place_id=ChIJu8ZUQCSf4jARshZEmmKzrwc","4.9","141","NORMAL","","","10"
"Naholic Clinic Asoke","skincare clinic Bangkok","http://www.facebook.com/naholicclinic","+66 92 664 7465","32, 7 Sukhumvit 21 Rd, Khlong Toei Nuea, Watthana, Bangkok 10110, Thailand","https://serpapi.com/search.json?engine=google_maps&google_domain=google.com&hl=en&place_id=ChIJd-rk3i6f4jARzYudm0rc3Nc","4.9","327","NORMAL","","","8"
"Blossom Clinic @stadium One","skincare clinic Bangkok","http://www.blossomclinicthailand.com/","+66 2 460 9210","88 ถนน พระราม 6, Wang Mai, Pathum Wan, Bangkok 10330, Thailand","https://serpapi.com/search.json?engine=google_maps&google_domain=google.com&hl=en&place_id=ChIJf-rFziqf4jARAn5t4uEyepk","5","973","NORMAL","","","7"
"KKC Clinic EmQuartier","skincare clinic Bangkok","https://kkcclinic.com/en/locations/emquartier/","+66 2 003 6199","Floor 4, EmQuartier, 693 Sukhumvit Rd, Khlong Tan Nuea, Bangkok 10110, Thailand","https://serpapi.com/search.json?engine=google_maps&google_domain=google.com&hl=en&place_id=ChIJ_emOipef4jAR_BrLaWgnOio","4.8","343","NORMAL","","","10"
"Proudskin clinic พราวสกินคลินิก","skincare clinic Bangkok","https://www.facebook.com/pskc.clinic","+66 94 746 9897","34/3, ชั้น3 Vivre Langsuan, ร้านพราวสกิน คลินิก, Soi Langsuan, 10330, Thailand","https://serpapi.com/search.json?engine=google_maps&google_domain=google.com&hl=en&place_id=ChIJ69VFNSKf4jARJAa6ddX_WI0","4.9","139","NORMAL","","","9"
"V Square Clinic","skincare clinic Bangkok","https://www.vsquareclinic.com/branch/siam-square-one/","+66 93 110 9000","ชั้น 6, ติดกับลิฟต์เบอร์ 2 โซนด้านหน้าห้างฝั่ง, สยามสแควร์วัน ห้อง SS6008, เลขที่ 388 BTS Skytrain, Khwaeng Pathum Wan, Pathum Wan, Bangkok 10330, Thailand","https://serpapi.com/search.json?engine=google_maps&google_domain=google.com&hl=en&place_id=ChIJe_9wyvJhHTERlQwADE0hKtA","5","1480","NORMAL","","","10"
"KKC Clinic Emporium","skincare clinic Bangkok","https://kkcclinic.com/en/locations/emporium/","+66 2 664 9158","Floor B1, Emporium, 622 Sukhumvit Rd, Khlong Tan, Bangkok 10110, Thailand","https://serpapi.com/search.json?engine=google_maps&google_domain=google.com&hl=en&place_id=ChIJNwTaNWWf4jAR7kJrYLWJ2xs","4.9","205","NORMAL","","","10"
"Aura Bangkok clinic Siam","skincare clinic Bangkok","https://www.aurabangkokclinic.com/en","+66 2 026 5689","Siam Square One ชั้น 3 และ ชั้น 6, เลขที่ 388 Rama I Rd, Khwaeng Pathum Wan, Pathum Wan, Bangkok 10330, Thailand","https://serpapi.com/search.json?engine=google_maps&google_domain=google.com&hl=en&place_id=ChIJa_ad3NH7DWgRIRXGiVQUxSM","5","5142","NORMAL","","","10"
"AVELA Clinique","skincare clinic Bangkok","http://www.avelaclinique.com/","+66 2 042 6324","L101, Unit 3654 Suan Plern Market, 102 Rama IV Rd, Khlong Toei, KhlongTan, Bangkok 10110, Thailand","https://serpapi.com/search.json?engine=google_maps&google_domain=google.com&hl=en&place_id=ChIJ6_RnQsqf4jARMDLbMTntgAM","5","416","NORMAL","","","7"
"Villa Clinic","skincare clinic Bangkok","http://www.villaclinic.com/","+66 89 111 7227","83, 2 Phaya Thai Rd, Thanon Phaya Thai, Ratchathewi, Bangkok 10400, Thailand","https://serpapi.com/search.json?engine=google_maps&google_domain=google.com&hl=en&place_id=ChIJX255rsue4jARf8GeeklS9ug","5","666","NORMAL","","","7"
"Bangkok Photographer Thailand - Events","wedding photographer Bangkok","https://5ringsphotography.com/","+66 81 833 2714","43-47 Suk Chai Alley, Khwaeng Khlong Toei, Khlong Toei, Bangkok 10110, Thailand","https://serpapi.com/search.json?engine=google_maps&google_domain=google.com&hl=en&place_id=ChIJ43F6cQSf4jARLBDGIFUwHv4","4.8","29","NORMAL","","","10"
"Studio Niramit","wedding photographer Bangkok","https://studioniramit.com/","+66 97 154 1741","Qiss Mall, A1-G01, 3803, Rama IV Rd, Phra Khanong, Bangkok 10110, Thailand","https://serpapi.com/search.json?engine=google_maps&google_domain=google.com&hl=en&place_id=ChIJayDCaAOf4jAR_rDy7-XFcM0","5","28","NORMAL","","","10"
"Bangkok Wedding Studio ลาดพร้าว","wedding photographer Bangkok","http://www.bangkokweddingstudio.com/","+66 83 034 1572","1756 336, Wang Thonglang, Bangkok 10310, Thailand","https://serpapi.com/search.json?engine=google_maps&google_domain=google.com&hl=en&place_id=ChIJ2yp_E8Kd4jARIr7LdPkElb4","4.9","589","NORMAL","","","8"
"Thailand Wedding Photographer","wedding photographer Bangkok","https://thailand-wedding-photographer.com/","","14 Sukhumvit Rd, Khlong Toei, Bangkok 10110, Thailand","https://serpapi.com/search.json?engine=google_maps&google_domain=google.com&hl=en&place_id=ChIJJfpOuHKe4jAR8SGbblBqMtw","4.5","2","NORMAL","","","9"
"Benedict studio","wedding photographer Bangkok","https://benedictstudio.com/","+66 65 462 3262","754, 754/1 ซอยโยธินพัฒนา 11 แยก 7, Khlong Chan, Bang Kapi, Bangkok 10240, Thailand","https://serpapi.com/search.json?engine=google_maps&google_domain=google.com&hl=en&place_id=ChIJ50h12XViHTERBDtf-Olt6hE","4.5","652","NORMAL","","","10"
"Koro Studio","wedding photographer Bangkok","https://korostudio.com/","+66 94 829 4622","ถนนพัฒนาการ, Pattanakarn Road,, พัฒนาการ 38, Soi Pattanakarn 38,, แขวง สวนหลวง, Suan Luang, เขต สวนหลวง, Suan Luang, Bangkok 10250, Thailand","https://serpapi.com/search.json?engine=google_maps&google_domain=google.com&hl=en&place_id=ChIJ0V8f9ZKd4jARWn6GPC_TgBA","4.4","7","NORMAL","","","7"
"Vision Thai Studio","wedding photographer Bangkok","http://visionthaistudios.com/","+66 98 479 6686","10600, Thailand, Krung Thep Maha Nakhon, Bangkok Yai, Bangkok, Thanon Wang Doem","https://serpapi.com/search.json?engine=google_maps&google_domain=google.com&hl=en&place_id=ChIJxxTK6EeZ4jAR3TCOyL-LMHg","5","1617","NORMAL","","","7"
"Aidan Dockery Photography","wedding photographer Bangkok","http://www.aidandockery.com/","","","https://serpapi.com/search.json?engine=google_maps&google_domain=google.com&hl=en&place_id=ChIJg-GejNye4jARnKl2fS-q61k","5","41","NORMAL","","","8"
"Real Estate Photography Thailand","wedding photographer Bangkok","https://real-estate-photography-thailand.com/","+66 97 202 4107","Aspire Sathorn-Taksin, Apartment, 69/78 Ratchaphruek Rd, Bang Kho, Chom Thong, Bangkok 10150, Thailand","https://serpapi.com/search.json?engine=google_maps&google_domain=google.com&hl=en&place_id=ChIJBSklYGqY4jAR2lXVBEJkD9k","5","19","NORMAL","","","10"
"Mek Corporate Portrait Boudoir Product Photographer Bangkok","wedding photographer Bangkok","https://mekphotographer.com/","+66 81 839 8165","East, Soi Sukhumvit 77, Khwaeng Phra Khanong Nuea, Watthana, Bangkok 10110, Thailand","https://serpapi.com/search.json?engine=google_maps&google_domain=google.com&hl=en&place_id=ChIJ5e0cOpKf4jAReN28l696PMg","5","15","NORMAL","","","10"
"Cheri Wedding Photography","wedding photographer Bangkok","http://www.cheriwed.com/","+66 99 782 6966","วิลเลตไลท์ พัฒนาการ38, Phatthanakan 32, Khwaeng Suan Luang, Suan Luang, Bangkok 10250, Thailand","https://serpapi.com/search.json?engine=google_maps&google_domain=google.com&hl=en&place_id=ChIJAx6PKDRhHTERV9yvpSrIf5I","5","1","NORMAL","","","8"